sample_id,noise_type,snr_db,system,enhancement_method,reference,hypothesis,wer,cer,duration_sec,avg_logprob,inference_ms,rtf
1089-134686-0000,white,-5,raw,none,he hoped there would be stew for dinner turnips and carrots and bruised potatoes and fat mutton pieces to be ladled out in thick peppered flour fattened sauce,"He hoped that he could be pleased with him, turn it to carrots and feed the table. That's what he's been made about. Big pepper, that was that was that was all.",0.9642857142857143,0.620253164556962,10.435,-1.0027431405108909,1611.8984169879695,0.15447038016176037
1089-134686-0000,white,-5,wiener,wiener,he hoped there would be stew for dinner turnips and carrots and bruised potatoes and fat mutton pieces to be ladled out in thick peppered flour fattened sauce,He hope they would be too sick of him. Turn it into the carrot. You could pick it back. You could make it happen. Take it. Power it back into the carrot.,1.0357142857142858,0.6582278481012658,10.435,-1.0064818757645628,1680.7936249970226,0.16107270004763033
1089-134686-0000,white,-5,spectral_sub,spectral_subtraction,he hoped there would be stew for dinner turnips and carrots and bruised potatoes and fat mutton pieces to be ladled out in thick peppered flour fattened sauce,"He hopes that it be free to do it, turn it to carrots and leaves to pay the back of what you think is related to how thick pepper shall have stopped.",0.9642857142857143,0.5506329113924051,10.435,-0.9689404536516238,546.2199999892619,0.05234499281162068
1089-134686-0000,white,-5,adaptive,wiener,he hoped there would be stew for dinner turnips and carrots and bruised potatoes and fat mutton pieces to be ladled out in thick peppered flour fattened sauce,He hope they would be too quick in there. Turn it into your carrot. You can pick it back. You can pick it in there. Pick it in there.,0.8928571428571429,0.6329113924050633,10.435,-0.9979219769322595,564.4232500053477,0.05408943459562507
1089-134686-0000,white,0,raw,none,he hoped there would be stew for dinner turnips and carrots and bruised potatoes and fat mutton pieces to be ladled out in thick peppered flour fattened sauce,"He hopes they would be too beginner, turnips and carrots and fruit to pay no reason, fast and much in pieces to be laid about, thick, pepper, flowers fast and soft.",0.75,0.3670886075949367,10.435,-0.8148715163386145,244.70412499795202,0.0234503234305656
1089-134686-0000,white,0,wiener,wiener,he hoped there would be stew for dinner turnips and carrots and bruised potatoes and fat mutton pieces to be ladled out in thick peppered flour fattened sauce,"He hoped it would be too written, and turned it to the parrot, and re-ret He hoped it would be too written, and turned it to the parrot, and re-ret",0.8928571428571429,0.620253164556962,10.435,-0.7846908595251001,526.806249996298,0.050484547196578626
1089-134686-0000,white,0,spectral_sub,spectral_subtraction,he hoped there would be stew for dinner turnips and carrots and bruised potatoes and fat mutton pieces to be ladled out in thick peppered flour fattened sauce,"He hopes there would be food within her, turn it to carrots and grease to pay no income fast and what the pieces could be laid about, thick pepper, smell of sapphous sauce.",0.8571428571428571,0.46835443037974683,10.435,-0.854628426688058,235.54774999502115,0.022572855773360913
1089-134686-0000,white,0,adaptive,wiener,he hoped there would be stew for dinner turnips and carrots and bruised potatoes and fat mutton pieces to be ladled out in thick peppered flour fattened sauce,"He hoped he would be too good in that, turn it to the parrot, and re-tape the bat, but he would be laying out thick, peppered balance bat, thought.",0.7857142857142857,0.5063291139240507,10.435,-0.9053192403581407,1548.9342079963535,0.14843643584057054
1089-134686-0000,white,5,raw,none,he hoped there would be stew for dinner turnips and carrots and bruised potatoes and fat mutton pieces to be ladled out in thick peppered flour fattened sauce,"He hoped there would be stew-for dinner, turnips and carrots and bruised potatoes, and fast-mucking pieces to be ladled out, and thick pepper, flowers fat and soft.",0.4642857142857143,0.1518987341772152,10.435,-0.6081732648114363,260.5172500043409,0.024965716339658925
1089-134686-0000,white,5,wiener,wiener,he hoped there would be stew for dinner turnips and carrots and bruised potatoes and fat mutton pieces to be ladled out in thick peppered flour fattened sauce,"He hoped there would be two for dinner, turn it from carrots and brew potatoes and fat and pew pew pew be ladled out, thick, peppered, lower fat and salt.",0.6071428571428571,0.2721518987341772,10.435,-0.7992196958892199,269.579582993174,0.02583417182493282
1089-134686-0000,white,5,spectral_sub,spectral_subtraction,he hoped there would be stew for dinner turnips and carrots and bruised potatoes and fat mutton pieces to be ladled out in thick peppered flour fattened sauce,"He hoped there would be stewardener, turnips and carrots and brew potatoes and fast-looking pieces could be ladled out and thick pepper, flour-sacking sauce.",0.42857142857142855,0.22151898734177214,10.435,-0.5958669360091047,219.54058400297072,0.021038867657208502
1089-134686-0000,white,5,adaptive,wiener,he hoped there would be stew for dinner turnips and carrots and bruised potatoes and fat mutton pieces to be ladled out in thick peppered flour fattened sauce,"He hoped there would be two for dinner, turn it from carrots and brew potatoes and fat and pew pew pew be ladled out, thick, peppered, lower fat and salt.",0.6071428571428571,0.2721518987341772,10.435,-0.7992196958892199,250.40108400571626,0.02399627062824305
1089-134686-0000,white,10,raw,none,he hoped there would be stew for dinner turnips and carrots and bruised potatoes and fat mutton pieces to be ladled out in thick peppered flour fattened sauce,"He hoped there would be steward in her, turnips and carrots and bruised potatoes and fat mutton pieces to be ladled out and thick, peppered, flower-fat and sauce.",0.32142857142857145,0.12025316455696203,10.435,-0.38537112420255487,240.48654099169653,0.023046146716980978
1089-134686-0000,white,10,wiener,wiener,he hoped there would be stew for dinner turnips and carrots and bruised potatoes and fat mutton pieces to be ladled out in thick peppered flour fattened sauce,"He hoped there would be stewardener, turnips and carrots and brew potatoes and fat and people to be ladled out to thick pepper and flour fat and sauce.",0.42857142857142855,0.1962025316455696,10.435,-0.7040512693532999,321.1862919997657,0.030779711739316307
1089-134686-0000,white,10,spectral_sub,spectral_subtraction,he hoped there would be stew for dinner turnips and carrots and bruised potatoes and fat mutton pieces to be ladled out in thick peppered flour fattened sauce,"He hoped there would be stew for dinner, turnips and carrots and bruised potatoes and fat mutton pieces to be ladled out and thick, peppered, flower-fat and sauce.",0.25,0.0759493670886076,10.435,-0.38028079132701076,251.56266600242816,0.024107586583845535
1089-134686-0000,white,10,adaptive,wiener,he hoped there would be stew for dinner turnips and carrots and bruised potatoes and fat mutton pieces to be ladled out in thick peppered flour fattened sauce,"He hoped there would be stewardener, turnips and carrots and brew potatoes and fat and people to be ladled out to thick pepper and flour fat and sauce.",0.42857142857142855,0.1962025316455696,10.435,-0.7040512693532999,322.72941699193325,0.03092759147023797
1089-134686-0000,white,15,raw,none,he hoped there would be stew for dinner turnips and carrots and bruised potatoes and fat mutton pieces to be ladled out in thick peppered flour fattened sauce,"He hoped there would be stew for dinner, turnips and carrots and bruised potatoes and fat mutton pieces to be ladled out in thick, peppered, flower-fattened sauce.",0.21428571428571427,0.04430379746835443,10.435,-0.28351865099235013,243.9402909949422,0.023377124196927855
1089-134686-0000,white,15,wiener,wiener,he hoped there would be stew for dinner turnips and carrots and bruised potatoes and fat mutton pieces to be ladled out in thick peppered flour fattened sauce,"He hoped there would be stewardener, turnips and carrots and brew potatoes and fast-button pieces to be ladled out and thick, peppered, flower-fat and sauce.",0.42857142857142855,0.15822784810126583,10.435,-0.5223982389583144,223.4283330035396,0.021411435841259183
1089-134686-0000,white,15,spectral_sub,spectral_subtraction,he hoped there would be stew for dinner turnips and carrots and bruised potatoes and fat mutton pieces to be ladled out in thick peppered flour fattened sauce,"He hoped there would be stew for dinner, turnips and carrots and bruised potatoes and fat mutton pieces to be ladled out in thick, peppered, flower-fath and sauce.",0.21428571428571427,0.06962025316455696,10.435,-0.3270513178272681,246.2365000101272,0.02359717297653351
1089-134686-0000,white,15,adaptive,wiener,he hoped there would be stew for dinner turnips and carrots and bruised potatoes and fat mutton pieces to be ladled out in thick peppered flour fattened sauce,"He hoped there would be stewardener, turnips and carrots and brew potatoes and fast-button pieces to be ladled out and thick, peppered, flower-fat and sauce.",0.42857142857142855,0.15822784810126583,10.435,-0.5223982389583144,223.54320899466984,0.021422444561060835
1089-134686-0000,white,20,raw,none,he hoped there would be stew for dinner turnips and carrots and bruised potatoes and fat mutton pieces to be ladled out in thick peppered flour fattened sauce,"He hoped there would be stew for dinner, turnips and carrots and bruised potatoes and fat mutton pieces to be ladled out in thick, peppered, flower-fattened sauce.",0.21428571428571427,0.04430379746835443,10.435,-0.25616937604817475,232.44574999262113,0.02227558696623106
1089-134686-0000,white,20,wiener,wiener,he hoped there would be stew for dinner turnips and carrots and bruised potatoes and fat mutton pieces to be ladled out in thick peppered flour fattened sauce,"He hoped there would be stew for dinner, turnips and carrots and bruised potatoes, and fat mutton pieces to be ladled out in thick, peppered, flower-fat and sauce.",0.25,0.06962025316455696,10.435,-0.4409842410435279,263.43712500238325,0.02524553186414789
1089-134686-0000,white,20,spectral_sub,spectral_subtraction,he hoped there would be stew for dinner turnips and carrots and bruised potatoes and fat mutton pieces to be ladled out in thick peppered flour fattened sauce,"He hoped there would be stew for dinner, turnips and carrots and bruised potatoes and fat mutton pieces to be ladled out in thick, peppered, flower-fathan sauce.",0.21428571428571427,0.06962025316455696,10.435,-0.3389785865491087,228.27820800011978,0.021876205845723026
1089-134686-0000,white,20,adaptive,wiener,he hoped there would be stew for dinner turnips and carrots and bruised potatoes and fat mutton pieces to be ladled out in thick peppered flour fattened sauce,"He hoped there would be stew for dinner, turnips and carrots and bruised potatoes, and fat mutton pieces to be ladled out in thick, peppered, flower-fat and sauce.",0.25,0.06962025316455696,10.435,-0.4409842410435279,260.2263330045389,0.024937837374656338
1089-134686-0000,pink,-5,raw,none,he hoped there would be stew for dinner turnips and carrots and bruised potatoes and fat mutton pieces to be ladled out in thick peppered flour fattened sauce,"He hoped there would be stew for dinner, turnips and carrots and bruised potatoes and fat mutton pieces to be ladled out and thick peppered flower fat and sauce.",0.21428571428571427,0.056962025316455694,10.435,-0.29238828644156456,216.70299999823328,0.020766938188618425
1089-134686-0000,pink,-5,wiener,wiener,he hoped there would be stew for dinner turnips and carrots and bruised potatoes and fat mutton pieces to be ladled out in thick peppered flour fattened sauce,"He hoped there would be stew for dinner, turnips and carrots and bruised potatoes, and bath-button pieces to be ladled out, thick, peppered, flower-fast sauce.",0.39285714285714285,0.12658227848101267,10.435,-0.39562663228012795,216.65608399780467,0.02076244216557783
1089-134686-0000,pink,-5,spectral_sub,spectral_subtraction,he hoped there would be stew for dinner turnips and carrots and bruised potatoes and fat mutton pieces to be ladled out in thick peppered flour fattened sauce,"He hoped there would be stew for dinner, turnips and carrots and bruised potatoes and fat mutton pieces to be ladled out and thick peppered flower-fatened sauce.",0.17857142857142858,0.05063291139240506,10.435,-0.3097493764830799,239.10708300536498,0.02291395141402635
1089-134686-0000,pink,-5,adaptive,none,he hoped there would be stew for dinner turnips and carrots and bruised potatoes and fat mutton pieces to be ladled out in thick peppered flour fattened sauce,"He hoped there would be stew for dinner, turnips and carrots and bruised potatoes and fat mutton pieces to be ladled out and thick peppered flower fat and sauce.",0.21428571428571427,0.056962025316455694,10.435,-0.29238828644156456,233.4612080012448,0.022372899664709612
1089-134686-0000,pink,0,raw,none,he hoped there would be stew for dinner turnips and carrots and bruised potatoes and fat mutton pieces to be ladled out in thick peppered flour fattened sauce,"He hoped there would be stew for dinner, turnips and carrots and bruised potatoes, and fat-mutton pieces to be ladled out in thick, peppered, flower-fat and sauce.",0.32142857142857145,0.0759493670886076,10.435,-0.41366056520111705,259.7633749974193,0.024893471489929975
1089-134686-0000,pink,0,wiener,wiener,he hoped there would be stew for dinner turnips and carrots and bruised potatoes and fat mutton pieces to be ladled out in thick peppered flour fattened sauce,"He hoped there would be stew for dinner, turnips and carrots and bruised potatoes and fat button pieces to be ladled out, thick, peppered, flower-fat sauce.",0.32142857142857145,0.10126582278481013,10.435,-0.3432639924491324,255.76470799569506,0.02451027388554816
1089-134686-0000,pink,0,spectral_sub,spectral_subtraction,he hoped there would be stew for dinner turnips and carrots and bruised potatoes and fat mutton pieces to be ladled out in thick peppered flour fattened sauce,"He hoped there would be stew for dinner, turnips and carrots and bruised potatoes and fat mutton pieces to be ladled out and thick peppered flower-fatened sauce.",0.17857142857142858,0.05063291139240506,10.435,-0.31517307932783917,254.96629100234713,0.024433760517714148
1089-134686-0000,pink,0,adaptive,none,he hoped there would be stew for dinner turnips and carrots and bruised potatoes and fat mutton pieces to be ladled out in thick peppered flour fattened sauce,"He hoped there would be stew for dinner, turnips and carrots and bruised potatoes, and fat-mutton pieces to be ladled out in thick, peppered, flower-fat and sauce.",0.32142857142857145,0.0759493670886076,10.435,-0.41366056520111705,265.3577910095919,0.02542959185525557
1089-134686-0000,pink,5,raw,none,he hoped there would be stew for dinner turnips and carrots and bruised potatoes and fat mutton pieces to be ladled out in thick peppered flour fattened sauce,"He hoped there would be stew for dinner, turnips and carrots and bruised potatoes and fat mutton pieces to be ladled out in thick, peppered, flower-fat and sauce.",0.21428571428571427,0.06329113924050633,10.435,-0.30238491712614546,246.8522500130348,0.02365618112247578
1089-134686-0000,pink,5,wiener,wiener,he hoped there would be stew for dinner turnips and carrots and bruised potatoes and fat mutton pieces to be ladled out in thick peppered flour fattened sauce,"He hoped there would be stew for dinner, turnips and carrots and bruised potatoes and fat button pieces to be ladled out in thick, peppered, flower-fat and sauce.",0.25,0.06962025316455696,10.435,-0.34976951352187563,230.26925000885967,0.0220670100631394
1089-134686-0000,pink,5,spectral_sub,spectral_subtraction,he hoped there would be stew for dinner turnips and carrots and bruised potatoes and fat mutton pieces to be ladled out in thick peppered flour fattened sauce,"He hoped there would be stew for dinner, turnips and carrots and bruised potatoes and fat mutton pieces to be ladled out in thick, peppered flower-fat and sauce.",0.17857142857142858,0.056962025316455694,10.435,-0.31016198368299575,253.2364999933634,0.024267992332857057
1089-134686-0000,pink,5,adaptive,none,he hoped there would be stew for dinner turnips and carrots and bruised potatoes and fat mutton pieces to be ladled out in thick peppered flour fattened sauce,"He hoped there would be stew for dinner, turnips and carrots and bruised potatoes and fat mutton pieces to be ladled out in thick, peppered, flower-fat and sauce.",0.21428571428571427,0.06329113924050633,10.435,-0.30238491712614546,248.5779579874361,0.023821558024670442
1089-134686-0000,pink,10,raw,none,he hoped there would be stew for dinner turnips and carrots and bruised potatoes and fat mutton pieces to be ladled out in thick peppered flour fattened sauce,"He hoped there would be stew for dinner, turnips and carrots and bruised potatoes and fat mutton pieces to be ladled out in thick, peppered, flower-fatened sauce.",0.21428571428571427,0.05063291139240506,10.435,-0.3062571453493695,259.967666992452,0.02491304906492113
1089-134686-0000,pink,10,wiener,wiener,he hoped there would be stew for dinner turnips and carrots and bruised potatoes and fat mutton pieces to be ladled out in thick peppered flour fattened sauce,"He hoped there would be stew for dinner, turnips and carrots and bruised potatoes and fat button pieces to be ladled out in thick, peppered, flower-fat and sauce.",0.25,0.06962025316455696,10.435,-0.3280192549739565,246.1786670028232,0.023591630762129678
1089-134686-0000,pink,10,spectral_sub,spectral_subtraction,he hoped there would be stew for dinner turnips and carrots and bruised potatoes and fat mutton pieces to be ladled out in thick peppered flour fattened sauce,"He hoped there would be stew for dinner, turnips and carrots and bruised potatoes and fat mutton pieces to be ladled out in thick, peppered flower-fat and sauce.",0.17857142857142858,0.056962025316455694,10.435,-0.324624131832804,251.27554099890403,0.024080071010915576
1089-134686-0000,pink,10,adaptive,none,he hoped there would be stew for dinner turnips and carrots and bruised potatoes and fat mutton pieces to be ladled out in thick peppered flour fattened sauce,"He hoped there would be stew for dinner, turnips and carrots and bruised potatoes and fat mutton pieces to be ladled out in thick, peppered, flower-fatened sauce.",0.21428571428571427,0.05063291139240506,10.435,-0.3062571453493695,247.56237500696443,0.02372423334997263
1089-134686-0000,pink,15,raw,none,he hoped there would be stew for dinner turnips and carrots and bruised potatoes and fat mutton pieces to be ladled out in thick peppered flour fattened sauce,"He hoped there would be stew for dinner, turnips and carrots and bruised potatoes and fat mutton pieces to be ladled out in thick, peppered, flower-fatened sauce.",0.21428571428571427,0.05063291139240506,10.435,-0.30434580320535704,263.0936250061495,0.025212613800301823
1089-134686-0000,pink,15,wiener,wiener,he hoped there would be stew for dinner turnips and carrots and bruised potatoes and fat mutton pieces to be ladled out in thick peppered flour fattened sauce,"He hoped there would be stew for dinner, turnips and carrots and bruised potatoes and fat button pieces to be ladled out in thick, peppered, flower-fat and sauce.",0.25,0.06962025316455696,10.435,-0.3552734823453994,265.7304999884218,0.025465309054951778
1089-134686-0000,pink,15,spectral_sub,spectral_subtraction,he hoped there would be stew for dinner turnips and carrots and bruised potatoes and fat mutton pieces to be ladled out in thick peppered flour fattened sauce,"He hoped there would be stew for dinner, turnips and carrots and bruised potatoes and fat mutton pieces to be ladled out and thick peppered flower-fatened sauce.",0.17857142857142858,0.05063291139240506,10.435,-0.32651569785141366,241.78079100965988,0.023170176426416854
1089-134686-0000,pink,15,adaptive,none,he hoped there would be stew for dinner turnips and carrots and bruised potatoes and fat mutton pieces to be ladled out in thick peppered flour fattened sauce,"He hoped there would be stew for dinner, turnips and carrots and bruised potatoes and fat mutton pieces to be ladled out in thick, peppered, flower-fatened sauce.",0.21428571428571427,0.05063291139240506,10.435,-0.30434580320535704,234.88283299957402,0.022509135888794825
1089-134686-0000,pink,20,raw,none,he hoped there would be stew for dinner turnips and carrots and bruised potatoes and fat mutton pieces to be ladled out in thick peppered flour fattened sauce,"He hoped there would be stew for dinner, turnips and carrots and bruised potatoes and fat mutton pieces to be ladled out and thick peppered flower-fatened sauce.",0.17857142857142858,0.05063291139240506,10.435,-0.3304764991853295,263.1384170090314,0.025216906277818054
1089-134686-0000,pink,20,wiener,wiener,he hoped there would be stew for dinner turnips and carrots and bruised potatoes and fat mutton pieces to be ladled out in thick peppered flour fattened sauce,"He hoped there would be stew for dinner, turnips and carrots and bruised potatoes and fat mutton pieces to be ladled out in thick, peppered, flower-fat and sauce.",0.21428571428571427,0.06329113924050633,10.435,-0.3112805859987126,246.8479160015704,0.023655765788363238
1089-134686-0000,pink,20,spectral_sub,spectral_subtraction,he hoped there would be stew for dinner turnips and carrots and bruised potatoes and fat mutton pieces to be ladled out in thick peppered flour fattened sauce,"He hoped there would be stew for dinner, turnips and carrots and bruised potatoes and fat mutton pieces to be ladled out and thick peppered flower-fatened sauce.",0.17857142857142858,0.05063291139240506,10.435,-0.32476838042096395,262.07287500437815,0.02511479396304534
1089-134686-0000,pink,20,adaptive,none,he hoped there would be stew for dinner turnips and carrots and bruised potatoes and fat mutton pieces to be ladled out in thick peppered flour fattened sauce,"He hoped there would be stew for dinner, turnips and carrots and bruised potatoes and fat mutton pieces to be ladled out and thick peppered flower-fatened sauce.",0.17857142857142858,0.05063291139240506,10.435,-0.3304764991853295,229.05399999581277,0.021950551029785603
1089-134686-0000,babble,-5,raw,none,he hoped there would be stew for dinner turnips and carrots and bruised potatoes and fat mutton pieces to be ladled out in thick peppered flour fattened sauce,He hopes they would be pleased with it and turn it to the carrots and to the table and fast. But it's been amazing how they put their troubles back in the spot.,0.9642857142857143,0.5822784810126582,10.435,-1.0692575501232613,1655.1215840008808,0.15861251403937526
1089-134686-0000,babble,-5,wiener,wiener,he hoped there would be stew for dinner turnips and carrots and bruised potatoes and fat mutton pieces to be ladled out in thick peppered flour fattened sauce,"We hope they get to do it with the men. Turn it into the carrot. You can take it back, but you can make it happen. Take it. Cover, cover, cover, cover.",1.1428571428571428,0.6962025316455697,10.435,-0.7882575380305449,247.04724999901373,0.023674868231817317
1089-134686-0000,babble,-5,spectral_sub,spectral_subtraction,he hoped there would be stew for dinner turnips and carrots and bruised potatoes and fat mutton pieces to be ladled out in thick peppered flour fattened sauce,"He hopes they would be pleased with it, and it's some carrots and fruit that came out as fast as much as he could be able to have a thick, thicker, solid set of salt.",1.0357142857142858,0.5949367088607594,10.435,-0.9944374967128673,523.0905000062194,0.05012846190763961
1089-134686-0000,babble,-5,adaptive,wiener,he hoped there would be stew for dinner turnips and carrots and bruised potatoes and fat mutton pieces to be ladled out in thick peppered flour fattened sauce,"We hope they get to do it with the men. Turn it into the carrot. You can take it back, but you can make it happen. Take it. Cover, cover, cover, cover.",1.1428571428571428,0.6962025316455697,10.435,-0.7882575380305449,244.65987499570474,0.02344608289369475
1089-134686-0000,babble,0,raw,none,he hoped there would be stew for dinner turnips and carrots and bruised potatoes and fat mutton pieces to be ladled out in thick peppered flour fattened sauce,"He hopes they would be too good in her, turn it some carrots and food potatoes and fat and buttermilk pieces to be ladled out and thick, peppered, flowers fat and soft.",0.6785714285714286,0.3227848101265823,10.435,-0.8003586504194472,230.14766699634492,0.02205535860051221
1089-134686-0000,babble,0,wiener,wiener,he hoped there would be stew for dinner turnips and carrots and bruised potatoes and fat mutton pieces to be ladled out in thick peppered flour fattened sauce,"We hope there would be two for dinner, turn it into a carrot and glue the tingles and fat but we may even have thick pepper and salad fat as well.",0.8571428571428571,0.44936708860759494,10.435,-0.8939468532800674,255.79558301251382,0.02451323267968508
1089-134686-0000,babble,0,spectral_sub,spectral_subtraction,he hoped there would be stew for dinner turnips and carrots and bruised potatoes and fat mutton pieces to be ladled out in thick peppered flour fattened sauce,"He hopes there would be steward dinner, turnips and carrots and fruit potatoes and fat and musking pieces to be labeled out and thick, tempered, flower-backed sauce.",0.5,0.22151898734177214,10.435,-0.7860451791344619,234.3867500021588,0.022461595591965384
1089-134686-0000,babble,0,adaptive,wiener,he hoped there would be stew for dinner turnips and carrots and bruised potatoes and fat mutton pieces to be ladled out in thick peppered flour fattened sauce,"We hope there would be two for dinner, turn it into a carrot and glue the tingles and fat but we may even have thick pepper and salad fat as well.",0.8571428571428571,0.44936708860759494,10.435,-0.8939468532800674,219.55400001024827,0.02104015333112106
1089-134686-0000,babble,5,raw,none,he hoped there would be stew for dinner turnips and carrots and bruised potatoes and fat mutton pieces to be ladled out in thick peppered flour fattened sauce,"He hoped there would be steward in her, turnips and carrots and brew potatoes and fat and mutton pieces to be ladled out and thick, peppered, flowers fat and soft.",0.42857142857142855,0.189873417721519,10.435,-0.48069933598691766,234.38100000203121,0.022461044561766286
1089-134686-0000,babble,5,wiener,wiener,he hoped there would be stew for dinner turnips and carrots and bruised potatoes and fat mutton pieces to be ladled out in thick peppered flour fattened sauce,"He hoped there would be two for dinner, turn it from carrots and brew the tables and bat-button pieces to be labeled out, thick, peppered, sour, bat-button, fog.",0.6428571428571429,0.2974683544303797,10.435,-0.8631643589506758,235.26812500494998,0.02254605893674652
1089-134686-0000,babble,5,spectral_sub,spectral_subtraction,he hoped there would be stew for dinner turnips and carrots and bruised potatoes and fat mutton pieces to be ladled out in thick peppered flour fattened sauce,"He hoped there would be steward dinner, turnips and carrots and brew potatoes and fat and mucking pieces to be ladled out and thick, peppered, flower-fat and sauce.",0.42857142857142855,0.17721518987341772,10.435,-0.4653132117607377,251.13137500011362,0.024066255390523584
1089-134686-0000,babble,5,adaptive,wiener,he hoped there would be stew for dinner turnips and carrots and bruised potatoes and fat mutton pieces to be ladled out in thick peppered flour fattened sauce,"He hoped there would be two for dinner, turn it from carrots and brew the tables and bat-button pieces to be labeled out, thick, peppered, sour, bat-button, fog.",0.6428571428571429,0.2974683544303797,10.435,-0.8631643589506758,232.75204199308064,0.022304939338100682
1089-134686-0000,babble,10,raw,none,he hoped there would be stew for dinner turnips and carrots and bruised potatoes and fat mutton pieces to be ladled out in thick peppered flour fattened sauce,"He hoped there would be stew for dinner, turnips and carrots and bruised potatoes and fat and mucking pieces to be ladled out and thick, peppered, flower-fastened sauce.",0.32142857142857145,0.11392405063291139,10.435,-0.3760927448218519,254.85420899349265,0.024423019548969107
1089-134686-0000,babble,10,wiener,wiener,he hoped there would be stew for dinner turnips and carrots and bruised potatoes and fat mutton pieces to be ladled out in thick peppered flour fattened sauce,"He hoped there would be steward in her, turn it some carrots and brew potatoes and fat and button pieces to be ladled out and thick pepper and flour fat and sauce.",0.5357142857142857,0.2088607594936709,10.435,-0.5182658753743986,226.74362499674316,0.02172914470500653
1089-134686-0000,babble,10,spectral_sub,spectral_subtraction,he hoped there would be stew for dinner turnips and carrots and bruised potatoes and fat mutton pieces to be ladled out in thick peppered flour fattened sauce,"He hoped there would be steward dinner, turnips and carrots and bruised potatoes and fat mutton pieces to be ladled out and thick, peppered, flower-fat and sauce.",0.32142857142857145,0.10126582278481013,10.435,-0.38868189412494036,257.67391599947587,0.02469323584086975
1089-134686-0000,babble,10,adaptive,wiener,he hoped there would be stew for dinner turnips and carrots and bruised potatoes and fat mutton pieces to be ladled out in thick peppered flour fattened sauce,"He hoped there would be steward in her, turn it some carrots and brew potatoes and fat and button pieces to be ladled out and thick pepper and flour fat and sauce.",0.5357142857142857,0.2088607594936709,10.435,-0.5182658753743986,228.22374998941086,0.021870987061754752
1089-134686-0000,babble,15,raw,none,he hoped there would be stew for dinner turnips and carrots and bruised potatoes and fat mutton pieces to be ladled out in thick peppered flour fattened sauce,"He hoped there would be stew for dinner, turnips and carrots and bruised potatoes and fat mutton pieces to be ladled out in thick, peppered, flower-fat and sauce.",0.21428571428571427,0.06329113924050633,10.435,-0.2978096133054689,261.69745899096597,0.025078817344606225
1089-134686-0000,babble,15,wiener,wiener,he hoped there would be stew for dinner turnips and carrots and bruised potatoes and fat mutton pieces to be ladled out in thick peppered flour fattened sauce,"He hoped there would be stew for dinner, turnips and carrots and grooves to potatoes, and fat and button pieces to be ladled out, and thick, peppered, flower fat and sauce.",0.5,0.16455696202531644,10.435,-0.40381819981595746,249.65958300163038,0.023925211595747998
1089-134686-0000,babble,15,spectral_sub,spectral_subtraction,he hoped there would be stew for dinner turnips and carrots and bruised potatoes and fat mutton pieces to be ladled out in thick peppered flour fattened sauce,"He hoped there would be stew for dinner, turnips and carrots and bruised potatoes and fat mutton pieces to be ladled out in thick, peppered, flower-fat and sauce.",0.21428571428571427,0.06329113924050633,10.435,-0.30198591670324637,222.27841700077988,0.02130123785345279
1089-134686-0000,babble,15,adaptive,wiener,he hoped there would be stew for dinner turnips and carrots and bruised potatoes and fat mutton pieces to be ladled out in thick peppered flour fattened sauce,"He hoped there would be stew for dinner, turnips and carrots and grooves to potatoes, and fat and button pieces to be ladled out, and thick, peppered, flower fat and sauce.",0.5,0.16455696202531644,10.435,-0.40381819981595746,229.9417500034906,0.022035625299807435
1089-134686-0000,babble,20,raw,none,he hoped there would be stew for dinner turnips and carrots and bruised potatoes and fat mutton pieces to be ladled out in thick peppered flour fattened sauce,"He hoped there would be stew for dinner, turnips and carrots and bruised potatoes and fat mutton pieces to be ladled out in thick, peppered, flower-fat and sauce.",0.21428571428571427,0.06329113924050633,10.435,-0.26658683322196786,248.57099998916965,0.02382089123039479
1089-134686-0000,babble,20,wiener,wiener,he hoped there would be stew for dinner turnips and carrots and bruised potatoes and fat mutton pieces to be ladled out in thick peppered flour fattened sauce,"He hoped there would be stew for dinner, turnips and carrots and bruised potatoes, and fat-button pieces to be ladled out in thick, peppered, flower-fat and sauce.",0.32142857142857145,0.08227848101265822,10.435,-0.4603332287321488,268.5089999868069,0.02573157642422682
1089-134686-0000,babble,20,spectral_sub,spectral_subtraction,he hoped there would be stew for dinner turnips and carrots and bruised potatoes and fat mutton pieces to be ladled out in thick peppered flour fattened sauce,"He hoped there would be stew for dinner, turnips and carrots and bruised potatoes and fat mutton pieces to be ladled out in thick, peppered, flower-fat and sauce.",0.21428571428571427,0.06329113924050633,10.435,-0.27676243560258734,231.16366600152105,0.022152723143413613
1089-134686-0000,babble,20,adaptive,wiener,he hoped there would be stew for dinner turnips and carrots and bruised potatoes and fat mutton pieces to be ladled out in thick peppered flour fattened sauce,"He hoped there would be stew for dinner, turnips and carrots and bruised potatoes, and fat-button pieces to be ladled out in thick, peppered, flower-fat and sauce.",0.32142857142857145,0.08227848101265822,10.435,-0.4603332287321488,257.65754099120386,0.02469166660193616
1089-134686-0000,soundtrack,-5,raw,none,he hoped there would be stew for dinner turnips and carrots and bruised potatoes and fat mutton pieces to be ladled out in thick peppered flour fattened sauce,"He hoped there would be stew for dinner, turnips and carrots and bruised potatoes and fat and button pieces to be ladled out, thick, peppered, flower-fast and sauce.",0.35714285714285715,0.12025316455696203,10.435,-0.41398894786834717,228.22124999947846,0.021870747484377426
1089-134686-0000,soundtrack,-5,wiener,wiener,he hoped there would be stew for dinner turnips and carrots and bruised potatoes and fat mutton pieces to be ladled out in thick peppered flour fattened sauce,"He hoped they would be a good leader, turn it to the parrot, then we could take a back button He laid it out, thick pepper, bla bla bla bla bla",0.9285714285714286,0.5316455696202531,10.435,-0.8323124310244685,248.91824999940582,0.02385416866309591
1089-134686-0000,soundtrack,-5,spectral_sub,spectral_subtraction,he hoped there would be stew for dinner turnips and carrots and bruised potatoes and fat mutton pieces to be ladled out in thick peppered flour fattened sauce,"He hoped there would be stew for dinner, turnips and carrots and bruised potatoes and fat and fluffy pieces to be ladled out, thick, peppered, flower-fat and saucy.",0.35714285714285715,0.1518987341772152,10.435,-0.4412776629130046,226.52358299819753,0.021708057786123384
1089-134686-0000,soundtrack,-5,adaptive,wiener,he hoped there would be stew for dinner turnips and carrots and bruised potatoes and fat mutton pieces to be ladled out in thick peppered flour fattened sauce,"He hoped they would be a good leader, turn it to the parrot, then we could take a back button He laid it out, thick pepper, bla bla bla bla bla",0.9285714285714286,0.5316455696202531,10.435,-0.8323124310244685,224.74516699730884,0.021537629803287862
1089-134686-0000,soundtrack,0,raw,none,he hoped there would be stew for dinner turnips and carrots and bruised potatoes and fat mutton pieces to be ladled out in thick peppered flour fattened sauce,"He hoped there would be stew for dinner, turnips and carrots and bruised potatoes and fat button pieces to be ladled out, thick, peppered, flower-fat and sauce.",0.32142857142857145,0.08860759493670886,10.435,-0.3482199176436379,225.90179200051352,0.021648470723575803
1089-134686-0000,soundtrack,0,wiener,wiener,he hoped there would be stew for dinner turnips and carrots and bruised potatoes and fat mutton pieces to be ladled out in thick peppered flour fattened sauce,"He hoped there would be a student for dinner, turn it some carrots and lose potatoes and fat button pieces to be ladled now. Dick pepper, flour, fat sauce.",0.5357142857142857,0.23417721518987342,10.435,-0.6451927274465561,215.64966699224897,0.020665995878509723
1089-134686-0000,soundtrack,0,spectral_sub,spectral_subtraction,he hoped there would be stew for dinner turnips and carrots and bruised potatoes and fat mutton pieces to be ladled out in thick peppered flour fattened sauce,"He hoped there would be stew for dinner, turnips and carrots and bruised potatoes and fat and button pieces to be ladled out and thick, peppered, flower-fat and sauce.",0.32142857142857145,0.10759493670886076,10.435,-0.3529716328132984,224.77662499295548,0.02154064446506521
1089-134686-0000,soundtrack,0,adaptive,wiener,he hoped there would be stew for dinner turnips and carrots and bruised potatoes and fat mutton pieces to be ladled out in thick peppered flour fattened sauce,"He hoped there would be a student for dinner, turn it some carrots and lose potatoes and fat button pieces to be ladled now. Dick pepper, flour, fat sauce.",0.5357142857142857,0.23417721518987342,10.435,-0.6451927274465561,245.87929199333303,0.023562941254751606
1089-134686-0000,soundtrack,5,raw,none,he hoped there would be stew for dinner turnips and carrots and bruised potatoes and fat mutton pieces to be ladled out in thick peppered flour fattened sauce,"He hoped there would be stew for dinner, turnips and carrots and bruised potatoes and fat button pieces to be ladled out in thick, peppered, flower-fattened sauce.",0.25,0.05063291139240506,10.435,-0.2695049186085546,227.34145900176372,0.021786435936920336
1089-134686-0000,soundtrack,5,wiener,wiener,he hoped there would be stew for dinner turnips and carrots and bruised potatoes and fat mutton pieces to be ladled out in thick peppered flour fattened sauce,"He hoped there would be stew for dinner, turnips and carrots and brew potatoes and bath button pieces to be laid out. Dick peppered, flour-ed, bath sauce.",0.42857142857142855,0.17088607594936708,10.435,-0.6653009391412502,242.50679199758451,0.023239750071642022
1089-134686-0000,soundtrack,5,spectral_sub,spectral_subtraction,he hoped there would be stew for dinner turnips and carrots and bruised potatoes and fat mutton pieces to be ladled out in thick peppered flour fattened sauce,"He hoped there would be stew for dinner, turnips and carrots and bruised potatoes and fat mutton pieces to be ladled out in thick, peppered, flower-fat and sauce.",0.21428571428571427,0.06329113924050633,10.435,-0.30377697944641113,232.67349999514408,0.022297412553439776
1089-134686-0000,soundtrack,5,adaptive,wiener,he hoped there would be stew for dinner turnips and carrots and bruised potatoes and fat mutton pieces to be ladled out in thick peppered flour fattened sauce,"He hoped there would be stew for dinner, turnips and carrots and brew potatoes and bath button pieces to be laid out. Dick peppered, flour-ed, bath sauce.",0.42857142857142855,0.17088607594936708,10.435,-0.6653009391412502,222.31495899904985,0.02130473972199807
1089-134686-0000,soundtrack,10,raw,none,he hoped there would be stew for dinner turnips and carrots and bruised potatoes and fat mutton pieces to be ladled out in thick peppered flour fattened sauce,"He hoped there would be stew for dinner, turnips and carrots and bruised potatoes and fat mutton pieces to be ladled out in thick, peppered, flower-fattened sauce.",0.21428571428571427,0.04430379746835443,10.435,-0.2573240074244412,242.32737500278745,0.023222556301177522
1089-134686-0000,soundtrack,10,wiener,wiener,he hoped there would be stew for dinner turnips and carrots and bruised potatoes and fat mutton pieces to be ladled out in thick peppered flour fattened sauce,"He hoped there would be stew for dinner, turnips and carrots and bruised potatoes and fat button pieces to be ladled out, thick, peppered, flower-fast and sauce.",0.32142857142857145,0.0949367088607595,10.435,-0.397214924544096,231.42745900258888,0.022178002779356863
1089-134686-0000,soundtrack,10,spectral_sub,spectral_subtraction,he hoped there would be stew for dinner turnips and carrots and bruised potatoes and fat mutton pieces to be ladled out in thick peppered flour fattened sauce,"He hoped there would be stew for dinner, turnips and carrots and bruised potatoes and fat mutton pieces to be ladled out in thick, peppered, flower-fat and sauce.",0.21428571428571427,0.06329113924050633,10.435,-0.2863691560057707,224.16466700087767,0.021481999712590096
1089-134686-0000,soundtrack,10,adaptive,wiener,he hoped there would be stew for dinner turnips and carrots and bruised potatoes and fat mutton pieces to be ladled out in thick peppered flour fattened sauce,"He hoped there would be stew for dinner, turnips and carrots and bruised potatoes and fat button pieces to be ladled out, thick, peppered, flower-fast and sauce.",0.32142857142857145,0.0949367088607595,10.435,-0.397214924544096,245.10179199569393,0.023488432390579198
1089-134686-0000,soundtrack,15,raw,none,he hoped there would be stew for dinner turnips and carrots and bruised potatoes and fat mutton pieces to be ladled out in thick peppered flour fattened sauce,"He hoped there would be stew for dinner, turnips and carrots and bruised potatoes and fat mutton pieces to be ladled out in thick, peppered flower-fattened sauce.",0.17857142857142858,0.0379746835443038,10.435,-0.26660001971000846,229.40762499638367,0.021984439386332887
1089-134686-0000,soundtrack,15,wiener,wiener,he hoped there would be stew for dinner turnips and carrots and bruised potatoes and fat mutton pieces to be ladled out in thick peppered flour fattened sauce,"He hoped there would be stew for dinner, turnips and carrots and bruised potatoes and fat button pieces to be ladled out, thick, peppered, flower-fastened sauce.",0.32142857142857145,0.0759493670886076,10.435,-0.3764568106049583,253.18704200617503,0.024263252707827025
1089-134686-0000,soundtrack,15,spectral_sub,spectral_subtraction,he hoped there would be stew for dinner turnips and carrots and bruised potatoes and fat mutton pieces to be ladled out in thick peppered flour fattened sauce,"He hoped there would be stew for dinner, turnips and carrots and bruised potatoes and fat mutton pieces to be ladled out in thick, peppered flower-fat and sauce.",0.17857142857142858,0.056962025316455694,10.435,-0.2721480961356844,224.59666700160597,0.021523398850177858
1089-134686-0000,soundtrack,15,adaptive,wiener,he hoped there would be stew for dinner turnips and carrots and bruised potatoes and fat mutton pieces to be ladled out in thick peppered flour fattened sauce,"He hoped there would be stew for dinner, turnips and carrots and bruised potatoes and fat button pieces to be ladled out, thick, peppered, flower-fastened sauce.",0.32142857142857145,0.0759493670886076,10.435,-0.3764568106049583,234.2720000015106,0.022450598946000058
1089-134686-0000,soundtrack,20,raw,none,he hoped there would be stew for dinner turnips and carrots and bruised potatoes and fat mutton pieces to be ladled out in thick peppered flour fattened sauce,"He hoped there would be stew for dinner, turnips and carrots and bruised potatoes and fat mutton pieces to be ladled out in thick, peppered flower-fattened sauce.",0.17857142857142858,0.0379746835443038,10.435,-0.25321838329004687,243.58512499020435,0.02334308816389117
1089-134686-0000,soundtrack,20,wiener,wiener,he hoped there would be stew for dinner turnips and carrots and bruised potatoes and fat mutton pieces to be ladled out in thick peppered flour fattened sauce,"He hoped there would be stew for dinner, turnips and carrots and bruised potatoes and fat button pieces to be ladled out in thick, peppered, flower-fat and sauce.",0.25,0.06962025316455696,10.435,-0.34896402273859295,219.49029099778272,0.021034048011287276
1089-134686-0000,soundtrack,20,spectral_sub,spectral_subtraction,he hoped there would be stew for dinner turnips and carrots and bruised potatoes and fat mutton pieces to be ladled out in thick peppered flour fattened sauce,"He hoped there would be stew for dinner, turnips and carrots and bruised potatoes and fat mutton pieces to be ladled out in thick, peppered flower-fat and sauce.",0.17857142857142858,0.056962025316455694,10.435,-0.27623658662750605,227.96620801091194,0.02184630646966094
1089-134686-0000,soundtrack,20,adaptive,wiener,he hoped there would be stew for dinner turnips and carrots and bruised potatoes and fat mutton pieces to be ladled out in thick peppered flour fattened sauce,"He hoped there would be stew for dinner, turnips and carrots and bruised potatoes and fat button pieces to be ladled out in thick, peppered, flower-fat and sauce.",0.25,0.06962025316455696,10.435,-0.34896402273859295,247.318958005053,0.023700906373268132
1188-133604-0001,white,-5,raw,none,they unite every quality and sometimes you will find me referring to them as colorists sometimes as chiaroscurists,But you know it every fall and sometimes you will find that your strength and your soul sometimes just goes through.,0.7777777777777778,0.5175438596491229,9.04,-0.9347062110900879,190.08404199848883,0.021026995796293014
1188-133604-0001,white,-5,wiener,wiener,they unite every quality and sometimes you will find me referring to them as colorists sometimes as chiaroscurists,that you know it every time. You can come to your family with time from your toilet. You can come to your school.,1.2222222222222223,0.6929824561403509,9.04,-0.9163303375244141,431.0969170037424,0.047687712057936114
1188-133604-0001,white,-5,spectral_sub,spectral_subtraction,they unite every quality and sometimes you will find me referring to them as colorists sometimes as chiaroscurists,"So you might every fall in, and sometimes you will find me the tranching is cold. Sometimes this feels serious.",0.7222222222222222,0.4473684210526316,9.04,-0.8988457640012105,212.98050000041258,0.02355978982305449
1188-133604-0001,white,-5,adaptive,wiener,they unite every quality and sometimes you will find me referring to them as colorists sometimes as chiaroscurists,that you know it every time. You can come back to your family with time from your toilet. Sometimes it gets good.,1.1111111111111112,0.6754385964912281,9.04,-0.9765508286654949,641.7838749912335,0.07099379148133114
1188-133604-0001,white,0,raw,none,they unite every quality and sometimes you will find me referring to them as colorists sometimes as chiaroscurists,But you know it every following and sometimes you will find me referring to this colorist. Sometimes this girl is curious.,0.6666666666666666,0.3157894736842105,9.04,-0.8029043510042387,227.48795799270738,0.025164597123087103
1188-133604-0001,white,0,wiener,wiener,they unite every quality and sometimes you will find me referring to them as colorists sometimes as chiaroscurists,But unite every poem. And sometimes you will find me with a bright blue color. Sometimes you are scared.,0.5555555555555556,0.40350877192982454,9.04,-0.8140586737928719,205.20937500987202,0.022700152102861953
1188-133604-0001,white,0,spectral_sub,spectral_subtraction,they unite every quality and sometimes you will find me referring to them as colorists sometimes as chiaroscurists,that you night every fall in. And sometimes we will find the return to this polarized. Sometimes this fear is serious.,0.8333333333333334,0.42105263157894735,9.04,-0.7236530703883016,215.01629200065508,0.023784988053169812
1188-133604-0001,white,0,adaptive,wiener,they unite every quality and sometimes you will find me referring to them as colorists sometimes as chiaroscurists,But unite every poem. And sometimes you will find me with a bright blue color. Sometimes you are scared.,0.5555555555555556,0.40350877192982454,9.04,-0.8140586737928719,249.25429100403562,0.02757237732345527
1188-133604-0001,white,5,raw,none,they unite every quality and sometimes you will find me referring to them as colorists sometimes as chiaroscurists,that unite every quality and sometimes we will find you referring to this colorist. Sometimes this cure is curious.,0.5555555555555556,0.21929824561403508,9.04,-0.6966596356144658,206.1807079880964,0.02280760044116111
1188-133604-0001,white,5,wiener,wiener,they unite every quality and sometimes you will find me referring to them as colorists sometimes as chiaroscurists,that unite every fallen and sometimes you will find me with mercy on this cold sometimes that you are scared.,0.6111111111111112,0.37719298245614036,9.04,-0.8099578894101657,197.94425000145566,0.02189648783201943
1188-133604-0001,white,5,spectral_sub,spectral_subtraction,they unite every quality and sometimes you will find me referring to them as colorists sometimes as chiaroscurists,that unite every quality and sometimes you will find me referring to this colorist. Sometimes this purest curious.,0.3888888888888889,0.17543859649122806,9.04,-0.7084937051490501,213.90645801147912,0.023662218806579552
1188-133604-0001,white,5,adaptive,wiener,they unite every quality and sometimes you will find me referring to them as colorists sometimes as chiaroscurists,that unite every fallen and sometimes you will find me with mercy on this cold sometimes that you are scared.,0.6111111111111112,0.37719298245614036,9.04,-0.8099578894101657,192.73487500322517,0.021320229535755
1188-133604-0001,white,10,raw,none,they unite every quality and sometimes you will find me referring to them as colorists sometimes as chiaroscurists,"that unite every quality and sometimes you will find me referring to them as colorists, sometimes as curious.",0.16666666666666666,0.11403508771929824,9.04,-0.5583995236800268,196.6941249993397,0.02175819966806855
1188-133604-0001,white,10,wiener,wiener,they unite every quality and sometimes you will find me referring to them as colorists sometimes as chiaroscurists,that unite every fallen and sometimes we will find you with mercy in this color of it. Sometimes the heroes are cured.,0.8333333333333334,0.4473684210526316,9.04,-0.8392659631268732,201.41612499719486,0.022280544800574655
1188-133604-0001,white,10,spectral_sub,spectral_subtraction,they unite every quality and sometimes you will find me referring to them as colorists sometimes as chiaroscurists,the unite every quality and sometimes you will find me referring to them as colorists. Sometimes as curious.,0.16666666666666666,0.10526315789473684,9.04,-0.5779607937886164,219.60387499711942,0.02429246404835392
1188-133604-0001,white,10,adaptive,wiener,they unite every quality and sometimes you will find me referring to them as colorists sometimes as chiaroscurists,that unite every fallen and sometimes we will find you with mercy in this color of it. Sometimes the heroes are cured.,0.8333333333333334,0.4473684210526316,9.04,-0.8392659631268732,202.07312499405816,0.02235322179137812
1188-133604-0001,white,15,raw,none,they unite every quality and sometimes you will find me referring to them as colorists sometimes as chiaroscurists,"that unite every quality and sometimes you will find me referring to them as colorists, sometimes as key or as curious.",0.3333333333333333,0.12280701754385964,9.04,-0.5675795735984013,210.42745899467263,0.023277373782596533
1188-133604-0001,white,15,wiener,wiener,they unite every quality and sometimes you will find me referring to them as colorists sometimes as chiaroscurists,"that unite every fallen, and sometimes we will find you referring to the next colorals. Sometimes the key are as curious.",0.6111111111111112,0.32456140350877194,9.04,-0.7383577128251394,216.97583299828693,0.0240017514378636
1188-133604-0001,white,15,spectral_sub,spectral_subtraction,they unite every quality and sometimes you will find me referring to them as colorists sometimes as chiaroscurists,"The unite every quality, and sometimes you will find me referring to them as colorists. Sometimes as Keira's curious.",0.2777777777777778,0.10526315789473684,9.04,-0.5243759493033091,198.82841700746212,0.02199429391675466
1188-133604-0001,white,15,adaptive,wiener,they unite every quality and sometimes you will find me referring to them as colorists sometimes as chiaroscurists,"that unite every fallen, and sometimes we will find you referring to the next colorals. Sometimes the key are as curious.",0.6111111111111112,0.32456140350877194,9.04,-0.7383577128251394,206.98000000265893,0.022896017699409174
1188-133604-0001,white,20,raw,none,they unite every quality and sometimes you will find me referring to them as colorists sometimes as chiaroscurists,"that unite every quality and sometimes you will find me referring to them as colorists, sometimes as key or as curious.",0.3333333333333333,0.12280701754385964,9.04,-0.5019806089072392,228.77770899503957,0.025307268694141547
1188-133604-0001,white,20,wiener,wiener,they unite every quality and sometimes you will find me referring to them as colorists sometimes as chiaroscurists,that unite every quality and sometimes we will find you referring to them as colorists. that he are secure.,0.4444444444444444,0.2543859649122807,9.04,-0.7752410176964033,741.0958749969723,0.08197963218993057
1188-133604-0001,white,20,spectral_sub,spectral_subtraction,they unite every quality and sometimes you will find me referring to them as colorists sometimes as chiaroscurists,"The unite every quality, and sometimes you will find me referring to them as colorists. Sometimes as Keira's curious.",0.2777777777777778,0.10526315789473684,9.04,-0.5462055563926697,213.87354099715594,0.023658577543933183
1188-133604-0001,white,20,adaptive,wiener,they unite every quality and sometimes you will find me referring to them as colorists sometimes as chiaroscurists,that unite every quality and sometimes we will find you referring to them as colorists. that he are secure.,0.4444444444444444,0.2543859649122807,9.04,-0.7752410176964033,771.4393339992967,0.08533620951319654
1188-133604-0001,pink,-5,raw,none,they unite every quality and sometimes you will find me referring to them as colorists sometimes as chiaroscurists,"The unite every quality and sometimes you will find me referring to them as colorists, sometimes as Keira's scurists.",0.2222222222222222,0.07894736842105263,9.04,-0.5163202170402773,219.3460410053376,0.02426394258908602
1188-133604-0001,pink,-5,wiener,wiener,they unite every quality and sometimes you will find me referring to them as colorists sometimes as chiaroscurists,"that unite every quality and sometimes you will find your referring to them as colorists, sometimes as key or as curious.",0.3888888888888889,0.15789473684210525,9.04,-0.6519599289729677,218.76129099109676,0.02419925785299743
1188-133604-0001,pink,-5,spectral_sub,spectral_subtraction,they unite every quality and sometimes you will find me referring to them as colorists sometimes as chiaroscurists,"The unite every quality, and sometimes you will find me referring to them as colorists, sometimes as Keira's scurists.",0.2777777777777778,0.08771929824561403,9.04,-0.5156299360096455,205.40220900147688,0.02272148329662355
1188-133604-0001,pink,-5,adaptive,wiener,they unite every quality and sometimes you will find me referring to them as colorists sometimes as chiaroscurists,"that unite every quality and sometimes you will find your referring to them as colorists, sometimes as key or as curious.",0.3888888888888889,0.15789473684210525,9.04,-0.6519599289729677,202.8007500048261,0.022433711283719706
1188-133604-0001,pink,0,raw,none,they unite every quality and sometimes you will find me referring to them as colorists sometimes as chiaroscurists,"The unite every quality and sometimes you will find me referring to them as colorists, sometimes as Keira's scurists.",0.2222222222222222,0.07894736842105263,9.04,-0.584023614083567,208.30624998779967,0.02304272676856191
1188-133604-0001,pink,0,wiener,wiener,they unite every quality and sometimes you will find me referring to them as colorists sometimes as chiaroscurists,"that unite every quality and sometimes you will find me referring to them as colorists, sometimes as key or as curious.",0.3333333333333333,0.12280701754385964,9.04,-0.5001819627038364,216.99679200537503,0.02400406991209901
1188-133604-0001,pink,0,spectral_sub,spectral_subtraction,they unite every quality and sometimes you will find me referring to them as colorists sometimes as chiaroscurists,"The unite every quality, and sometimes you will find me referring to them as colorists, sometimes as Keira's scurists.",0.2777777777777778,0.08771929824561403,9.04,-0.5318527240306139,210.8337079989724,0.023322312831744737
1188-133604-0001,pink,0,adaptive,none,they unite every quality and sometimes you will find me referring to them as colorists sometimes as chiaroscurists,"The unite every quality and sometimes you will find me referring to them as colorists, sometimes as Keira's scurists.",0.2222222222222222,0.07894736842105263,9.04,-0.584023614083567,201.03154200478457,0.022238002434157588
1188-133604-0001,pink,5,raw,none,they unite every quality and sometimes you will find me referring to them as colorists sometimes as chiaroscurists,the unite every quality and sometimes you will find me referring to them as colorists sometimes as Keira's Curists,0.16666666666666666,0.06140350877192982,9.04,-0.5646248651402337,210.65112498763483,0.023302115595977307
1188-133604-0001,pink,5,wiener,wiener,they unite every quality and sometimes you will find me referring to them as colorists sometimes as chiaroscurists,"that unite every quality and sometimes you will find you referring to them as colorists, sometimes as key or as curious.",0.3888888888888889,0.14912280701754385,9.04,-0.501063215321508,200.51295799203217,0.02218063694602126
1188-133604-0001,pink,5,spectral_sub,spectral_subtraction,they unite every quality and sometimes you will find me referring to them as colorists sometimes as chiaroscurists,"The unite every quality, and sometimes you will find me referring to them as colorists, sometimes as Keira's scurists.",0.2777777777777778,0.08771929824561403,9.04,-0.5301138814538717,209.6353749948321,0.023189753871109747
1188-133604-0001,pink,5,adaptive,none,they unite every quality and sometimes you will find me referring to them as colorists sometimes as chiaroscurists,the unite every quality and sometimes you will find me referring to them as colorists sometimes as Keira's Curists,0.16666666666666666,0.06140350877192982,9.04,-0.5646248651402337,225.91991699300706,0.024991141260288393
1188-133604-0001,pink,10,raw,none,they unite every quality and sometimes you will find me referring to them as colorists sometimes as chiaroscurists,"They unite every quality, and sometimes you will find me referring to them as colorists, sometimes as Keira's scurists.",0.2222222222222222,0.07894736842105263,9.04,-0.5275501366704702,208.44524999847636,0.023058102875937653
1188-133604-0001,pink,10,wiener,wiener,they unite every quality and sometimes you will find me referring to them as colorists sometimes as chiaroscurists,"that unite every quality and sometimes you will find you referring to them as colorists, sometimes as key or as curious.",0.3888888888888889,0.14912280701754385,9.04,-0.5946014502952839,216.20687500399072,0.023916689712830834
1188-133604-0001,pink,10,spectral_sub,spectral_subtraction,they unite every quality and sometimes you will find me referring to them as colorists sometimes as chiaroscurists,"The unite every quality, and sometimes you will find me referring to them as colorists, sometimes as Keira's scurists.",0.2777777777777778,0.08771929824561403,9.04,-0.5297665633261204,210.6601249979576,0.023303111172340445
1188-133604-0001,pink,10,adaptive,none,they unite every quality and sometimes you will find me referring to them as colorists sometimes as chiaroscurists,"They unite every quality, and sometimes you will find me referring to them as colorists, sometimes as Keira's scurists.",0.2222222222222222,0.07894736842105263,9.04,-0.5275501366704702,209.00641700427514,0.023120178872154333
1188-133604-0001,pink,15,raw,none,they unite every quality and sometimes you will find me referring to them as colorists sometimes as chiaroscurists,the unite every quality and sometimes you will find me referring to them as colorists sometimes as Keira's curious,0.16666666666666666,0.07894736842105263,9.04,-0.6249239797945376,222.75245800847188,0.02464075862925574
1188-133604-0001,pink,15,wiener,wiener,they unite every quality and sometimes you will find me referring to them as colorists sometimes as chiaroscurists,"that unite every quality and sometimes you will find you referring to them as colorists, sometimes as key or as curious.",0.3888888888888889,0.14912280701754385,9.04,-0.5681699144429174,202.36979200853966,0.02238603893899775
1188-133604-0001,pink,15,spectral_sub,spectral_subtraction,they unite every quality and sometimes you will find me referring to them as colorists sometimes as chiaroscurists,"The unite every quality, and sometimes you will find me referring to them as colorists, sometimes as Keira's scurists.",0.2777777777777778,0.08771929824561403,9.04,-0.5244752019643784,208.69470899924636,0.023085697898146722
1188-133604-0001,pink,15,adaptive,none,they unite every quality and sometimes you will find me referring to them as colorists sometimes as chiaroscurists,the unite every quality and sometimes you will find me referring to them as colorists sometimes as Keira's curious,0.16666666666666666,0.07894736842105263,9.04,-0.6249239797945376,231.52145800122526,0.02561078075234793
1188-133604-0001,pink,20,raw,none,they unite every quality and sometimes you will find me referring to them as colorists sometimes as chiaroscurists,"The unite every quality, and sometimes you will find me referring to them as colorists, sometimes as Keira's scurists.",0.2777777777777778,0.08771929824561403,9.04,-0.5343442913144827,220.56495799915865,0.02439877853972994
1188-133604-0001,pink,20,wiener,wiener,they unite every quality and sometimes you will find me referring to them as colorists sometimes as chiaroscurists,"that unite every quality and sometimes you will find you referring to them as colorists, sometimes as key or as curious.",0.3888888888888889,0.14912280701754385,9.04,-0.5515736711436304,211.88258299662266,0.02343833882706003
1188-133604-0001,pink,20,spectral_sub,spectral_subtraction,they unite every quality and sometimes you will find me referring to them as colorists sometimes as chiaroscurists,"The unite every quality, and sometimes you will find me referring to them as colorists, sometimes as Keira's scurists.",0.2777777777777778,0.08771929824561403,9.04,-0.5226362347602844,224.08420899591874,0.024788076216362694
1188-133604-0001,pink,20,adaptive,none,they unite every quality and sometimes you will find me referring to them as colorists sometimes as chiaroscurists,"The unite every quality, and sometimes you will find me referring to them as colorists, sometimes as Keira's scurists.",0.2777777777777778,0.08771929824561403,9.04,-0.5343442913144827,207.31391699519008,0.022932955419821915
1188-133604-0001,babble,-5,raw,none,they unite every quality and sometimes you will find me referring to them as colorists sometimes as chiaroscurists,But you know it every fall and sometimes you will find that a time to unfold. Sometimes it feels good.,0.7777777777777778,0.5,9.04,-0.8781043291091919,202.91795799857937,0.022446676769754356
1188-133604-0001,babble,-5,wiener,wiener,they unite every quality and sometimes you will find me referring to them as colorists sometimes as chiaroscurists,In the night every pon And sometimes you'll find your strength in the cold Sometimes you'll get this,0.8333333333333334,0.4824561403508772,9.04,-0.9640883994953974,477.38695799489506,0.05280829181359459
1188-133604-0001,babble,-5,spectral_sub,spectral_subtraction,they unite every quality and sometimes you will find me referring to them as colorists sometimes as chiaroscurists,We unite every fall in it and sometimes we will find you a person that's told sometimes it feels good.,0.7777777777777778,0.45614035087719296,9.04,-0.8625762418464378,200.53616700170096,0.022183204314347452
1188-133604-0001,babble,-5,adaptive,wiener,they unite every quality and sometimes you will find me referring to them as colorists sometimes as chiaroscurists,"In the night, every bond. In some countries, I'm going to bring the power. Some countries, we have to do it.",1.1111111111111112,0.6666666666666666,9.04,-0.9748740673065187,678.1535829941276,0.07501698926926191
1188-133604-0001,babble,0,raw,none,they unite every quality and sometimes you will find me referring to them as colorists sometimes as chiaroscurists,that you night every fall in and sometimes you will find you with friends in this colorist. Sometimes it's your experience.,0.7777777777777778,0.43859649122807015,9.04,-0.9423601845900218,234.48212500079535,0.025938288163804796
1188-133604-0001,babble,0,wiener,wiener,they unite every quality and sometimes you will find me referring to them as colorists sometimes as chiaroscurists,In the night every fall and sometimes you will find your apartment in the cold. Sometimes it's your spirit.,0.7222222222222222,0.42105263157894735,9.04,-0.9888911688769305,199.66225000098348,0.022086532079754813
1188-133604-0001,babble,0,spectral_sub,spectral_subtraction,they unite every quality and sometimes you will find me referring to them as colorists sometimes as chiaroscurists,the unite every quality and sometimes you will find you are friends in this colorist sometimes this fear is still,0.6111111111111112,0.2807017543859649,9.04,-0.9615448805002066,199.62970800406765,0.02208293230133492
1188-133604-0001,babble,0,adaptive,wiener,they unite every quality and sometimes you will find me referring to them as colorists sometimes as chiaroscurists,In the night every fall and sometimes you will find your apartment in the cold. Sometimes it's your spirit.,0.7222222222222222,0.42105263157894735,9.04,-0.9888911688769305,210.94012500543613,0.023334084624495148
1188-133604-0001,babble,5,raw,none,they unite every quality and sometimes you will find me referring to them as colorists sometimes as chiaroscurists,ignite every quality and sometimes you will find me referring to them as colorists. Sometimes as pure as curious.,0.3333333333333333,0.14912280701754385,9.04,-0.6234254572126601,204.48541699443012,0.022620068251596254
1188-133604-0001,babble,5,wiener,wiener,they unite every quality and sometimes you will find me referring to them as colorists sometimes as chiaroscurists,"that you know it every fall and sometimes you will find you with frankly in the color, sometimes with your skills.",0.7777777777777778,0.4649122807017544,9.04,-0.8960261770657131,421.1244159960188,0.046584559291595
1188-133604-0001,babble,5,spectral_sub,spectral_subtraction,they unite every quality and sometimes you will find me referring to them as colorists sometimes as chiaroscurists,"that unite every quality, and sometimes you will find you referring to them as colorists, sometimes as pure as purest.",0.3888888888888889,0.14912280701754385,9.04,-0.5993775884310405,232.84304200205952,0.025756973672794198
1188-133604-0001,babble,5,adaptive,wiener,they unite every quality and sometimes you will find me referring to them as colorists sometimes as chiaroscurists,"that you know it every fall and sometimes you will find me with frankman that's color, sometimes that you're a cure.",0.7777777777777778,0.4298245614035088,9.04,-0.8881186862145701,431.9775420008227,0.047785126327524644
1188-133604-0001,babble,10,raw,none,they unite every quality and sometimes you will find me referring to them as colorists sometimes as chiaroscurists,"A unite every quality, and sometimes you will find me referring to them as colorists. Sometimes as Keira's curious.",0.2777777777777778,0.13157894736842105,9.04,-0.5746585627396902,209.04937500017695,0.023124930862851435
1188-133604-0001,babble,10,wiener,wiener,they unite every quality and sometimes you will find me referring to them as colorists sometimes as chiaroscurists,"that you night every fall in, and sometimes you will find me with her in a color. Sometimes it's your experience.",0.7222222222222222,0.4473684210526316,9.04,-0.8612608512242635,420.31054200197104,0.04649452898251893
1188-133604-0001,babble,10,spectral_sub,spectral_subtraction,they unite every quality and sometimes you will find me referring to them as colorists sometimes as chiaroscurists,"that unite every quality, and sometimes you will find me referring to them as colorists, sometimes as Keira's curious.",0.2777777777777778,0.11403508771929824,9.04,-0.5529868284861247,206.97879100043792,0.022895883960225436
1188-133604-0001,babble,10,adaptive,wiener,they unite every quality and sometimes you will find me referring to them as colorists sometimes as chiaroscurists,"that you know it every fall and sometimes you will find me with in a color, sometimes it's your cure.",0.7222222222222222,0.41228070175438597,9.04,-0.9491043964662164,696.4986249950016,0.07704630807466832
1188-133604-0001,babble,15,raw,none,they unite every quality and sometimes you will find me referring to them as colorists sometimes as chiaroscurists,"that unite every quality and sometimes you will find me referring to them as colorists, sometimes as Keira's scurists.",0.2222222222222222,0.08771929824561403,9.04,-0.5704088941697152,219.8915000044508,0.024324280973943672
1188-133604-0001,babble,15,wiener,wiener,they unite every quality and sometimes you will find me referring to them as colorists sometimes as chiaroscurists,that you night every fall in and sometimes you will find you referring to them as colorists. Sometimes the key are as curious.,0.6111111111111112,0.2807017543859649,9.04,-0.7721043209875783,204.52054199995473,0.022623953761056942
1188-133604-0001,babble,15,spectral_sub,spectral_subtraction,they unite every quality and sometimes you will find me referring to them as colorists sometimes as chiaroscurists,"They unite every quality, and sometimes you will find me referring to them as colorists, sometimes as Keira's curious.",0.2222222222222222,0.09649122807017543,9.04,-0.527844887971878,202.44091701169964,0.02239390674908182
1188-133604-0001,babble,15,adaptive,wiener,they unite every quality and sometimes you will find me referring to them as colorists sometimes as chiaroscurists,that you night every fall in and sometimes you will find you referring to them as colorists. Sometimes the key are as curious.,0.6111111111111112,0.2807017543859649,9.04,-0.7721043209875783,220.30425000411924,0.024369939159747705
1188-133604-0001,babble,20,raw,none,they unite every quality and sometimes you will find me referring to them as colorists sometimes as chiaroscurists,"that unite every quality, and sometimes you will find me referring to them as colorists, sometimes as Keira's scurists.",0.2777777777777778,0.09649122807017543,9.04,-0.4695194559171796,209.84929200494662,0.023213417257184364
1188-133604-0001,babble,20,wiener,wiener,they unite every quality and sometimes you will find me referring to them as colorists sometimes as chiaroscurists,that you night every quality and sometimes you will find you referring to them as colorists. Sometimes the key are as curious.,0.5,0.22807017543859648,9.04,-0.6506095707416535,202.0856669987552,0.02235460918127823
1188-133604-0001,babble,20,spectral_sub,spectral_subtraction,they unite every quality and sometimes you will find me referring to them as colorists sometimes as chiaroscurists,"They unite every quality, and sometimes you will find me referring to them as colorists, sometimes as Keira's scurists.",0.2222222222222222,0.07894736842105263,9.04,-0.5145014841109514,221.12224999000318,0.02446042588384991
1188-133604-0001,babble,20,adaptive,wiener,they unite every quality and sometimes you will find me referring to them as colorists sometimes as chiaroscurists,that you night every quality and sometimes you will find you referring to them as colorists. Sometimes the key are as curious.,0.5,0.22807017543859648,9.04,-0.6506095707416535,207.9639579897048,0.02300486260948062
1188-133604-0001,soundtrack,-5,raw,none,they unite every quality and sometimes you will find me referring to them as colorists sometimes as chiaroscurists,that unite every quality and sometimes you will find me referring to them as colorists. Sometimes as key or as curious.,0.3333333333333333,0.12280701754385964,9.04,-0.5792864848827494,214.41025000240188,0.023717948009115256
1188-133604-0001,soundtrack,-5,wiener,wiener,they unite every quality and sometimes you will find me referring to them as colorists sometimes as chiaroscurists,"and unite every fall. Sometimes you will find your friend in the forest. Sometimes it's yours, too.",0.6666666666666666,0.41228070175438597,9.04,-0.7875511728484055,239.54916698858142,0.026498801658028922
1188-133604-0001,soundtrack,-5,spectral_sub,spectral_subtraction,they unite every quality and sometimes you will find me referring to them as colorists sometimes as chiaroscurists,"that unite every quality, and sometimes you will find a refrain to them as colorists. Sometimes as curious curious.",0.3888888888888889,0.15789473684210525,9.04,-0.598547950387001,219.79249999276362,0.024313329645217218
1188-133604-0001,soundtrack,-5,adaptive,wiener,they unite every quality and sometimes you will find me referring to them as colorists sometimes as chiaroscurists,"and unite every fall. Sometimes you will find your friend in the forest. Sometimes it's yours, too.",0.6666666666666666,0.41228070175438597,9.04,-0.7875511728484055,203.40912499523256,0.022501009402127497
1188-133604-0001,soundtrack,0,raw,none,they unite every quality and sometimes you will find me referring to them as colorists sometimes as chiaroscurists,"that unite every quality and sometimes you will find me referring to them as colorists, sometimes as curious curious.",0.2222222222222222,0.10526315789473684,9.04,-0.5800794804537738,222.6094589859713,0.02462494015331541
1188-133604-0001,soundtrack,0,wiener,wiener,they unite every quality and sometimes you will find me referring to them as colorists sometimes as chiaroscurists,"that you know it every fall. And sometimes you will find me referring to the colors. Sometimes it's yours, girl.",0.6111111111111112,0.3157894736842105,9.04,-0.6162315122783184,210.4505000024801,0.023279922566646034
1188-133604-0001,soundtrack,0,spectral_sub,spectral_subtraction,they unite every quality and sometimes you will find me referring to them as colorists sometimes as chiaroscurists,"that unite every quality, and sometimes you will find me referring to them as colorists, sometimes as curious curious.",0.2777777777777778,0.11403508771929824,9.04,-0.5554574579000473,214.6735829883255,0.023747077764195303
1188-133604-0001,soundtrack,0,adaptive,wiener,they unite every quality and sometimes you will find me referring to them as colorists sometimes as chiaroscurists,"that you know it every fall. And sometimes you will find me referring to the colors. Sometimes it's yours, girl.",0.6111111111111112,0.3157894736842105,9.04,-0.6162315122783184,221.7352919979021,0.02452824026525466
1188-133604-0001,soundtrack,5,raw,none,they unite every quality and sometimes you will find me referring to them as colorists sometimes as chiaroscurists,"that unite every quality, and sometimes you will find me referring to them as colorists, sometimes as curious curious.",0.2777777777777778,0.11403508771929824,9.04,-0.5767531437533242,211.61404199665412,0.02340863296423165
1188-133604-0001,soundtrack,5,wiener,wiener,they unite every quality and sometimes you will find me referring to them as colorists sometimes as chiaroscurists,that you night every quality and sometimes you will find me with frankman as colorists. Sometimes it cures cures.,0.5555555555555556,0.30701754385964913,9.04,-0.7332558440310615,203.43383299768902,0.02250374258823994
1188-133604-0001,soundtrack,5,spectral_sub,spectral_subtraction,they unite every quality and sometimes you will find me referring to them as colorists sometimes as chiaroscurists,"that unite every quality and sometimes you will find me referring to them as colorists, sometimes as curious.",0.16666666666666666,0.11403508771929824,9.04,-0.5906052314318143,226.27708299842197,0.025030650774161726
1188-133604-0001,soundtrack,5,adaptive,wiener,they unite every quality and sometimes you will find me referring to them as colorists sometimes as chiaroscurists,that you night every quality and sometimes you will find me with frankman as colorists. Sometimes it cures cures.,0.5555555555555556,0.30701754385964913,9.04,-0.7332558440310615,206.73345800605603,0.022868745354652217
1188-133604-0001,soundtrack,10,raw,none,they unite every quality and sometimes you will find me referring to them as colorists sometimes as chiaroscurists,"that unite every quality, and sometimes you will find me referring to them as colorists, sometimes as chiaroscurists.",0.2222222222222222,0.043859649122807015,9.04,-0.44368394920902865,220.36766599921975,0.024376954203453514
1188-133604-0001,soundtrack,10,wiener,wiener,they unite every quality and sometimes you will find me referring to them as colorists sometimes as chiaroscurists,"that unite every quality and sometimes you will find me referring to them as colorists, sometimes as key or as curious.",0.3333333333333333,0.12280701754385964,9.04,-0.5663617726030021,219.15545799129177,0.02424286039726679
1188-133604-0001,soundtrack,10,spectral_sub,spectral_subtraction,they unite every quality and sometimes you will find me referring to them as colorists sometimes as chiaroscurists,"The unite every quality, and sometimes you will find me referring to them as colorists, sometimes as curious curious.",0.2777777777777778,0.10526315789473684,9.04,-0.5848999513047082,208.5955000075046,0.02307472345215759
1188-133604-0001,soundtrack,10,adaptive,wiener,they unite every quality and sometimes you will find me referring to them as colorists sometimes as chiaroscurists,"that unite every quality and sometimes you will find me referring to them as colorists, sometimes as key or as curious.",0.3333333333333333,0.12280701754385964,9.04,-0.5663617726030021,235.77212500094902,0.026080987278866045
1188-133604-0001,soundtrack,15,raw,none,they unite every quality and sometimes you will find me referring to them as colorists sometimes as chiaroscurists,"They unite every quality, and sometimes you will find me referring to them as colorists, sometimes as key or as curious.",0.3333333333333333,0.11403508771929824,9.04,-0.553256998459498,224.30966600950342,0.02481301615149374
1188-133604-0001,soundtrack,15,wiener,wiener,they unite every quality and sometimes you will find me referring to them as colorists sometimes as chiaroscurists,"that unite every quality and sometimes you will find you referring to them as colorists, sometimes as curious.",0.2222222222222222,0.14035087719298245,9.04,-0.6128949041549976,209.85108299646527,0.023213615375715188
1188-133604-0001,soundtrack,15,spectral_sub,spectral_subtraction,they unite every quality and sometimes you will find me referring to them as colorists sometimes as chiaroscurists,"The unite every quality, and sometimes you will find me referring to them as colorists, sometimes as Keira's curious.",0.2777777777777778,0.10526315789473684,9.04,-0.5895087500413259,207.78116599831264,0.022984642256450517
1188-133604-0001,soundtrack,15,adaptive,wiener,they unite every quality and sometimes you will find me referring to them as colorists sometimes as chiaroscurists,"that unite every quality and sometimes you will find you referring to them as colorists, sometimes as curious.",0.2222222222222222,0.14035087719298245,9.04,-0.6128949041549976,212.23120800277684,0.023476903540130184
1188-133604-0001,soundtrack,20,raw,none,they unite every quality and sometimes you will find me referring to them as colorists sometimes as chiaroscurists,"The unite every quality, and sometimes you will find me referring to them as colorists, sometimes as key or as curious.",0.3888888888888889,0.12280701754385964,9.04,-0.5712322036425272,206.90545800607651,0.02288777190332705
1188-133604-0001,soundtrack,20,wiener,wiener,they unite every quality and sometimes you will find me referring to them as colorists sometimes as chiaroscurists,"that unite every quality and sometimes you will find you referring to them as colorists, sometimes as key or as curious.",0.3888888888888889,0.14912280701754385,9.04,-0.5633478000246245,205.8070829953067,0.022766270242843663
1188-133604-0001,soundtrack,20,spectral_sub,spectral_subtraction,they unite every quality and sometimes you will find me referring to them as colorists sometimes as chiaroscurists,"The unite every quality, and sometimes you will find me referring to them as colorists, sometimes as key or as curious.",0.3888888888888889,0.12280701754385964,9.04,-0.5513758917649587,225.0983330013696,0.024900258075372748
1188-133604-0001,soundtrack,20,adaptive,wiener,they unite every quality and sometimes you will find me referring to them as colorists sometimes as chiaroscurists,"that unite every quality and sometimes you will find you referring to them as colorists, sometimes as key or as curious.",0.3888888888888889,0.14912280701754385,9.04,-0.5633478000246245,202.54133400158025,0.022405014823183658
121-121726-0000,white,-5,raw,none,also a popular contrivance whereby love making may be suspended but not stopped during the picnic season,"Also a popular compiler, whereby not 18 maybe, and it's in button, then it's stuck.",0.7647058823529411,0.5288461538461539,8.46,-1.2255790531635284,1172.624665996409,0.13860811654803887
121-121726-0000,white,-5,wiener,wiener,also a popular contrivance whereby love making may be suspended but not stopped during the picnic season,"Both will arrive, look at it, and drive it. And I'm not thinking maybe this thing, but, no, no, no, no.",1.1764705882352942,0.8269230769230769,8.46,-1.099888069762124,1319.1622080048546,0.155929339007666
121-121726-0000,white,-5,spectral_sub,spectral_subtraction,also a popular contrivance whereby love making may be suspended but not stopped during the picnic season,"Also a popular confilience. Where my love safety may be suspended, but they stop. And I'm gonna take a peek at it.",0.8823529411764706,0.4230769230769231,8.46,-1.2467960683923018,1256.6982090065721,0.14854588758942933
121-121726-0000,white,-5,adaptive,wiener,also a popular contrivance whereby love making may be suspended but not stopped during the picnic season,"all clear, hey, look at it and drive it. And I'm not thinking maybe this thing did, but look up.",1.1176470588235294,0.8076923076923077,8.46,-1.2147602342790174,1307.3557500028983,0.15453377659608725
121-121726-0000,white,0,raw,none,also a popular contrivance whereby love making may be suspended but not stopped during the picnic season,"Also a popular confibes whereby love-making may be suspended, but no stop during the cricket season.",0.47058823529411764,0.18269230769230768,8.46,-0.8850121307373047,209.7678340069251,0.024795252246681453
121-121726-0000,white,0,wiener,wiener,also a popular contrivance whereby love making may be suspended but not stopped during the picnic season,"Also a group that I can drive in. But if I look, maybe maybe just do it. But no, stop.",1.0588235294117647,0.6634615384615384,8.46,-1.0755493715405464,1109.4371669896645,0.1311391450342393
121-121726-0000,white,0,spectral_sub,spectral_subtraction,also a popular contrivance whereby love making may be suspended but not stopped during the picnic season,Also a popular confilience where my love-taking may be suspended and butts stop during the circumstances.,0.5294117647058824,0.2980769230769231,8.46,-0.9737445425104212,199.60654199530836,0.023594153900154652
121-121726-0000,white,0,adaptive,wiener,also a popular contrivance whereby love making may be suspended but not stopped during the picnic season,"Also, a loop that I can plot, and whenever I look making maybe this thing did button, don't stop.",1.0588235294117647,0.6442307692307693,8.46,-1.1074921025170221,1238.5508750012377,0.14640081264790042
121-121726-0000,white,5,raw,none,also a popular contrivance whereby love making may be suspended but not stopped during the picnic season,"Also a popular confrivance whereby love-making may be suspended, but not stopped during the picnic season.",0.29411764705882354,0.038461538461538464,8.46,-0.4317073059082031,220.9109579998767,0.026112406382964148
121-121726-0000,white,5,wiener,wiener,also a popular contrivance whereby love making may be suspended but not stopped during the picnic season,Also a popular contrivant whereby I love making maybe suspended button on top.,0.6470588235294118,0.33653846153846156,8.46,-0.8485645562410354,255.47925000137184,0.030198492907963573
121-121726-0000,white,5,spectral_sub,spectral_subtraction,also a popular contrivance whereby love making may be suspended but not stopped during the picnic season,"Also, a popular confrivance whereby love-making may be suspended and but you'll not stop during the picnic season.",0.47058823529411764,0.17307692307692307,8.46,-0.4500740308846746,227.0866670005489,0.026842395626542424
121-121726-0000,white,5,adaptive,wiener,also a popular contrivance whereby love making may be suspended but not stopped during the picnic season,Also a popular contrivant whereby I love making maybe suspended button on top.,0.6470588235294118,0.33653846153846156,8.46,-0.8485645562410354,196.20745899737813,0.023192371039879207
121-121726-0000,white,10,raw,none,also a popular contrivance whereby love making may be suspended but not stopped during the picnic season,"Also, a popular contrivance whereby love-making may be suspended, but not stopped during the picnic season.",0.29411764705882354,0.038461538461538464,8.46,-0.393671657030399,214.58874999370892,0.02536510047206961
121-121726-0000,white,10,wiener,wiener,also a popular contrivance whereby love making may be suspended but not stopped during the picnic season,Also a popular contrivance whereby love making may be suspended but not stop.,0.29411764705882354,0.2692307692307692,8.46,-0.6032133353383917,189.17425000108778,0.02236102245875742
121-121726-0000,white,10,spectral_sub,spectral_subtraction,also a popular contrivance whereby love making may be suspended but not stopped during the picnic season,"Also, a popular contrivance whereby love-making may be suspended but not stopped during the technique season.",0.29411764705882354,0.08653846153846154,8.46,-0.7610064719034277,735.5181669990998,0.08694068167838058
121-121726-0000,white,10,adaptive,wiener,also a popular contrivance whereby love making may be suspended but not stopped during the picnic season,Also a popular contrivance whereby love making may be suspended but not stop.,0.29411764705882354,0.2692307692307692,8.46,-0.6032133353383917,217.84124999248888,0.02574955673670081
121-121726-0000,white,15,raw,none,also a popular contrivance whereby love making may be suspended but not stopped during the picnic season,"Also, a popular cundrivance, whereby lovemaking may be suspended, but not stopped during the technique season.",0.4117647058823529,0.125,8.46,-0.7809887004968448,317.4602080107434,0.037524847282593775
121-121726-0000,white,15,wiener,wiener,also a popular contrivance whereby love making may be suspended but not stopped during the picnic season,"Also a popular contrivance whereby love-making may be suspended, but not stopped during the the technique season.",0.35294117647058826,0.125,8.46,-0.7371528537377068,399.1496660019038,0.047180811584149385
121-121726-0000,white,15,spectral_sub,spectral_subtraction,also a popular contrivance whereby love making may be suspended but not stopped during the picnic season,"Also, a popular contrivance whereby lovemaking may be suspended but not stopped during the technique season.",0.29411764705882354,0.08653846153846154,8.46,-0.6090746183287014,301.3677499984624,0.03562266548445182
121-121726-0000,white,15,adaptive,wiener,also a popular contrivance whereby love making may be suspended but not stopped during the picnic season,"Also a popular contrivance whereby love-making may be suspended, but not stopped during the the technique season.",0.35294117647058826,0.125,8.46,-0.7371528537377068,391.1116670060437,0.04623069349953235
121-121726-0000,white,20,raw,none,also a popular contrivance whereby love making may be suspended but not stopped during the picnic season,"Also, a popular cundrivents, whereby lovemaking may be suspended but not stopped during the technique.",0.35294117647058826,0.17307692307692307,8.46,-0.8494323062896728,749.6740410133498,0.08861395283845741
121-121726-0000,white,20,wiener,wiener,also a popular contrivance whereby love making may be suspended but not stopped during the picnic season,"Also, a popular contrivance whereby love-making may be suspended, but not stopped during the the technique season.",0.4117647058823529,0.1346153846153846,8.46,-0.6630168018773908,338.8229160045739,0.040049990071462635
121-121726-0000,white,20,spectral_sub,spectral_subtraction,also a popular contrivance whereby love making may be suspended but not stopped during the picnic season,"Also, a popular contrivance whereby lovemaking may be suspended but not stopped during the technique season.",0.29411764705882354,0.08653846153846154,8.46,-0.6408140675136538,305.2082079957472,0.03607662033046657
121-121726-0000,white,20,adaptive,wiener,also a popular contrivance whereby love making may be suspended but not stopped during the picnic season,"Also, a popular contrivance whereby love-making may be suspended, but not stopped during the the technique season.",0.4117647058823529,0.1346153846153846,8.46,-0.6630168018773908,334.112541997456,0.03949320827393096
121-121726-0000,pink,-5,raw,none,also a popular contrivance whereby love making may be suspended but not stopped during the picnic season,"Also, a popular contrivance whereby lovemaking may be suspended but not stopped during the technique season.",0.29411764705882354,0.08653846153846154,8.46,-0.637358623472127,312.04141699709,0.03688432825024704
121-121726-0000,pink,-5,wiener,wiener,also a popular contrivance whereby love making may be suspended but not stopped during the picnic season,Also a popular contrivance whereby love-making may be suspended but not stopped during the techniques season.,0.23529411764705882,0.08653846153846154,8.46,-0.6066921811837417,236.48520799179096,0.02795333427798947
121-121726-0000,pink,-5,spectral_sub,spectral_subtraction,also a popular contrivance whereby love making may be suspended but not stopped during the picnic season,"Also, a popular contrivance whereby lovemaking may be suspended but not stopped during the technique season.",0.29411764705882354,0.08653846153846154,8.46,-0.5927591680577307,309.59279199305456,0.03659489267057382
121-121726-0000,pink,-5,adaptive,wiener,also a popular contrivance whereby love making may be suspended but not stopped during the picnic season,Also a popular contrivance whereby love-making may be suspended but not stopped during the techniques season.,0.23529411764705882,0.08653846153846154,8.46,-0.6066921811837417,212.16854199883528,0.02507902387693088
121-121726-0000,pink,0,raw,none,also a popular contrivance whereby love making may be suspended but not stopped during the picnic season,"Also, a popular contrivance whereby lovemaking may be suspended but not stopped during the technique season.",0.29411764705882354,0.08653846153846154,8.46,-0.5763578579732866,312.113624997437,0.036892863474874346
121-121726-0000,pink,0,wiener,wiener,also a popular contrivance whereby love making may be suspended but not stopped during the picnic season,"Also, a popular contrivance whereby love-making may be suspended, but not stopped during the technique season.",0.35294117647058826,0.09615384615384616,8.46,-0.45639678303684506,221.8833749939222,0.02622734929006172
121-121726-0000,pink,0,spectral_sub,spectral_subtraction,also a popular contrivance whereby love making may be suspended but not stopped during the picnic season,"Also, a popular contrivance, whereby lovemaking may be suspended but not stopped during the technique season.",0.35294117647058826,0.09615384615384616,8.46,-0.6573146836481233,307.4545000126818,0.03634213948140447
121-121726-0000,pink,0,adaptive,none,also a popular contrivance whereby love making may be suspended but not stopped during the picnic season,"Also, a popular contrivance whereby lovemaking may be suspended but not stopped during the technique season.",0.29411764705882354,0.08653846153846154,8.46,-0.5763578579732866,318.8632499950472,0.03769069148877626
121-121726-0000,pink,5,raw,none,also a popular contrivance whereby love making may be suspended but not stopped during the picnic season,"Also, a popular contrivance whereby lovemaking may be suspended but not stopped during the technique season.",0.29411764705882354,0.08653846153846154,8.46,-0.5868180696711396,313.36600000213366,0.037040898345405866
121-121726-0000,pink,5,wiener,wiener,also a popular contrivance whereby love making may be suspended but not stopped during the picnic season,"Also, a popular contrivance whereby love-making may be suspended, but not stopped during the Next season.",0.35294117647058826,0.09615384615384616,8.46,-0.5108856254567702,331.6746670025168,0.039205043380912144
121-121726-0000,pink,5,spectral_sub,spectral_subtraction,also a popular contrivance whereby love making may be suspended but not stopped during the picnic season,"Also, a popular contrivance whereby lovemaking may be suspended but not stopped during the technique season.",0.29411764705882354,0.08653846153846154,8.46,-0.6554952841816526,307.9452910023974,0.03640015260075619
121-121726-0000,pink,5,adaptive,none,also a popular contrivance whereby love making may be suspended but not stopped during the picnic season,"Also, a popular contrivance whereby lovemaking may be suspended but not stopped during the technique season.",0.29411764705882354,0.08653846153846154,8.46,-0.5868180696711396,336.28516700991895,0.039750019741125166
121-121726-0000,pink,10,raw,none,also a popular contrivance whereby love making may be suspended but not stopped during the picnic season,"Also, a popular contrivance whereby lovemaking may be suspended but not stopped during the picnic season.",0.23529411764705882,0.028846153846153848,8.46,-0.4172711131664423,214.5732089993544,0.02536326347510099
121-121726-0000,pink,10,wiener,wiener,also a popular contrivance whereby love making may be suspended but not stopped during the picnic season,"Also, a popular contrivance whereby love-making may be suspended, but not stopped during the Next season.",0.35294117647058826,0.09615384615384616,8.46,-0.5029105078428984,351.31837500375696,0.04152699468129514
121-121726-0000,pink,10,spectral_sub,spectral_subtraction,also a popular contrivance whereby love making may be suspended but not stopped during the picnic season,"Also, a popular contrivance whereby lovemaking may be suspended but not stopped during the technique season.",0.29411764705882354,0.08653846153846154,8.46,-0.6365077357852098,324.33916699665133,0.03833796300196824
121-121726-0000,pink,10,adaptive,none,also a popular contrivance whereby love making may be suspended but not stopped during the picnic season,"Also, a popular contrivance whereby lovemaking may be suspended but not stopped during the picnic season.",0.23529411764705882,0.028846153846153848,8.46,-0.4172711131664423,226.3667500083102,0.026757299055355812
121-121726-0000,pink,15,raw,none,also a popular contrivance whereby love making may be suspended but not stopped during the picnic season,"Also, a popular contrivance whereby lovemaking may be suspended but not stopped during the picnic season.",0.23529411764705882,0.028846153846153848,8.46,-0.41435971282995665,240.56195799494162,0.02843521962115149
121-121726-0000,pink,15,wiener,wiener,also a popular contrivance whereby love making may be suspended but not stopped during the picnic season,"Also, a popular contrivance whereby love-making may be suspended, but not stopped during the technique season.",0.35294117647058826,0.09615384615384616,8.46,-0.6773766664167246,484.1939170000842,0.05723332352246857
121-121726-0000,pink,15,spectral_sub,spectral_subtraction,also a popular contrivance whereby love making may be suspended but not stopped during the picnic season,"Also, a popular contrivance, whereby lovemaking may be suspended but not stopped during the picnic season.",0.29411764705882354,0.038461538461538464,8.46,-0.4024285320882444,205.75687500240747,0.024321143617305845
121-121726-0000,pink,15,adaptive,none,also a popular contrivance whereby love making may be suspended but not stopped during the picnic season,"Also, a popular contrivance whereby lovemaking may be suspended but not stopped during the picnic season.",0.23529411764705882,0.028846153846153848,8.46,-0.41435971282995665,225.31191700545605,0.026632614303245393
121-121726-0000,pink,20,raw,none,also a popular contrivance whereby love making may be suspended but not stopped during the picnic season,"Also, a popular contrivance, whereby lovemaking may be suspended but not stopped during the picnic season.",0.29411764705882354,0.038461538461538464,8.46,-0.4578046754554466,209.45962499536108,0.02475882092143748
121-121726-0000,pink,20,wiener,wiener,also a popular contrivance whereby love making may be suspended but not stopped during the picnic season,"Also, a popular contrivance whereby love-making may be suspended, but not stopped during the techniques in.",0.35294117647058826,0.125,8.46,-0.7375209766129652,728.7464580003871,0.08614024326245709
121-121726-0000,pink,20,spectral_sub,spectral_subtraction,also a popular contrivance whereby love making may be suspended but not stopped during the picnic season,"Also, a popular contrivance, whereby lovemaking may be suspended but not stopped during the picnic season.",0.29411764705882354,0.038461538461538464,8.46,-0.45187489853964913,231.53683300188277,0.027368419976581886
121-121726-0000,pink,20,adaptive,none,also a popular contrivance whereby love making may be suspended but not stopped during the picnic season,"Also, a popular contrivance, whereby lovemaking may be suspended but not stopped during the picnic season.",0.29411764705882354,0.038461538461538464,8.46,-0.4578046754554466,221.40333299466874,0.02617060673695848
121-121726-0000,babble,-5,raw,none,also a popular contrivance whereby love making may be suspended but not stopped during the picnic season,"also a popular contigable. And if I'm not going to make these extended buttons, stop.",0.8235294117647058,0.6153846153846154,8.46,-1.0073924293884864,1283.0732919974253,0.15166350969236703
121-121726-0000,babble,-5,wiener,wiener,also a popular contrivance whereby love making may be suspended but not stopped during the picnic season,"both are a little bit larger and I'm not going to make it a little bit but, no problem",1.0588235294117647,0.7884615384615384,8.46,-0.9251965220485415,220.53604200482368,0.026068090071492158
121-121726-0000,babble,-5,spectral_sub,spectral_subtraction,also a popular contrivance whereby love making may be suspended but not stopped during the picnic season,"Also a popular subscribing. Whenever I love YouTube, maybe it's extended, but don't stop.",0.7647058823529411,0.6057692307692307,8.46,-1.083481991732562,1312.8283330006525,0.15518065401898964
121-121726-0000,babble,-5,adaptive,wiener,also a popular contrivance whereby love making may be suspended but not stopped during the picnic season,"both are a little bit larger and I'm not going to make it a little bit but, no problem",1.0588235294117647,0.7884615384615384,8.46,-0.9251965220485415,223.48216599493753,0.026416331677888594
121-121726-0000,babble,0,raw,none,also a popular contrivance whereby love making may be suspended but not stopped during the picnic season,"Also a popular contrivance, whereby low-facing may be suspended, but no stop during the 50th season.",0.47058823529411764,0.17307692307692307,8.46,-0.9069648362972118,389.11866600392386,0.04599511418486097
121-121726-0000,babble,0,wiener,wiener,also a popular contrivance whereby love making may be suspended but not stopped during the picnic season,"Also, a popular compiler, where I love making maybe this printed button on top.",0.8235294117647058,0.47115384615384615,8.46,-0.9091086238622665,206.85824999236502,0.02445132978633156
121-121726-0000,babble,0,spectral_sub,spectral_subtraction,also a popular contrivance whereby love making may be suspended but not stopped during the picnic season,"Also a popular confrivance whereby love-making may be suspended, but not stop during the psychic season.",0.4117647058823529,0.09615384615384616,8.46,-0.6697288513183594,201.01116699515842,0.023760185224013994
121-121726-0000,babble,0,adaptive,wiener,also a popular contrivance whereby love making may be suspended but not stopped during the picnic season,"Also, a popular compiler, where I love making maybe this printed button on top.",0.8235294117647058,0.47115384615384615,8.46,-0.9091086238622665,189.8189580097096,0.02243722907916189
121-121726-0000,babble,5,raw,none,also a popular contrivance whereby love making may be suspended but not stopped during the picnic season,Also a popular contrivance whereby love-making may be suspended but not stopped during the picnic season.,0.17647058823529413,0.019230769230769232,8.46,-0.46109211693207425,225.715874999878,0.02668036347516288
121-121726-0000,babble,5,wiener,wiener,also a popular contrivance whereby love making may be suspended but not stopped during the picnic season,Also a popular contrivant where I love making maybe suspended but no stop,0.6470588235294118,0.3269230769230769,8.46,-0.8490267239118877,195.0778329919558,0.02305884550732338
121-121726-0000,babble,5,spectral_sub,spectral_subtraction,also a popular contrivance whereby love making may be suspended but not stopped during the picnic season,"Also, a popular confrivens whereby love-making may be suspended, but not stopped during the picnic season.",0.35294117647058826,0.07692307692307693,8.46,-0.5132812349884598,203.46587500534952,0.024050339835147694
121-121726-0000,babble,5,adaptive,wiener,also a popular contrivance whereby love making may be suspended but not stopped during the picnic season,Also a popular contrivant where I love making maybe suspended but no stop,0.6470588235294118,0.3269230769230769,8.46,-0.8490267239118877,207.78487500501797,0.024560859929671153
121-121726-0000,babble,10,raw,none,also a popular contrivance whereby love making may be suspended but not stopped during the picnic season,"Also, a popular cundrivence whereby lovemaking may be suspended, but not stopped during the take a second season.",0.5294117647058824,0.18269230769230768,8.46,-0.9086638396978378,783.9105410093907,0.09266082045028258
121-121726-0000,babble,10,wiener,wiener,also a popular contrivance whereby love making may be suspended but not stopped during the picnic season,"Also a popular contrivance whereby love-making may be suspended, but not stop during the your cooking season.",0.4117647058823529,0.15384615384615385,8.46,-0.8224807907335507,801.6787090018624,0.09476107671416813
121-121726-0000,babble,10,spectral_sub,spectral_subtraction,also a popular contrivance whereby love making may be suspended but not stopped during the picnic season,"Also, a popular con-drive-ins whereby love-making may be suspended, but not stopped during the picnic season.",0.35294117647058826,0.10576923076923077,8.46,-0.5372594360794339,223.56312500778586,0.02642590130115672
121-121726-0000,babble,10,adaptive,wiener,also a popular contrivance whereby love making may be suspended but not stopped during the picnic season,"Also a popular contrivance whereby love-making may be suspended, but not stop during the in the cooking season.",0.47058823529411764,0.17307692307692307,8.46,-0.825950845428135,775.4330839961767,0.09165875697354334
121-121726-0000,babble,15,raw,none,also a popular contrivance whereby love making may be suspended but not stopped during the picnic season,"Also, a popular cundrivents, whereby lovemaking may be suspended, but not stopped during the technique season.",0.4117647058823529,0.15384615384615385,8.46,-0.7398668581094497,373.91375000879634,0.04419784279063786
121-121726-0000,babble,15,wiener,wiener,also a popular contrivance whereby love making may be suspended but not stopped during the picnic season,"Also a popular contrivance whereby love-making may be suspended, but not stopped during the the technique season.",0.35294117647058826,0.125,8.46,-0.7566078764311275,399.02166700630914,0.047165681679232754
121-121726-0000,babble,15,spectral_sub,spectral_subtraction,also a popular contrivance whereby love making may be suspended but not stopped during the picnic season,"Also, a popular contrivance whereby lovemaking may be suspended but not stopped during the quick next season.",0.35294117647058826,0.09615384615384616,8.46,-0.6251656492422153,391.7138749966398,0.04630187647714418
121-121726-0000,babble,15,adaptive,wiener,also a popular contrivance whereby love making may be suspended but not stopped during the picnic season,"Also a popular contrivance whereby love-making may be suspended, but not stopped during the the technique season.",0.35294117647058826,0.125,8.46,-0.7566078764311275,401.31141600431874,0.04743633758916297
121-121726-0000,babble,20,raw,none,also a popular contrivance whereby love making may be suspended but not stopped during the picnic season,"Also, a popular cundrivents, whereby lovemaking may be suspended, but not stopped during the technique.",0.4117647058823529,0.18269230769230768,8.46,-0.8076646825441947,713.1747499952326,0.08429961583867997
121-121726-0000,babble,20,wiener,wiener,also a popular contrivance whereby love making may be suspended but not stopped during the picnic season,"Also, a popular contrivance whereby love-making may be suspended, but not stopped during the the technique season.",0.4117647058823529,0.1346153846153846,8.46,-0.6940056766782488,405.481082998449,0.047929206028185456
121-121726-0000,babble,20,spectral_sub,spectral_subtraction,also a popular contrivance whereby love making may be suspended but not stopped during the picnic season,"Also, a popular contrivance whereby lovemaking may be suspended but not stopped during the techniques in.",0.29411764705882354,0.11538461538461539,8.46,-0.7433665695063996,697.8662499896018,0.08249010047158413
121-121726-0000,babble,20,adaptive,wiener,also a popular contrivance whereby love making may be suspended but not stopped during the picnic season,"Also, a popular contrivance whereby love-making may be suspended, but not stopped during the the technique season.",0.4117647058823529,0.1346153846153846,8.46,-0.6875588212694441,392.2972500004107,0.04637083333338188
121-121726-0000,soundtrack,-5,raw,none,also a popular contrivance whereby love making may be suspended but not stopped during the picnic season,Also a popular contrivance whereby love making may be suspended but not stopped during the picnic season,0.0,0.0,8.46,-0.4412029575217854,223.60312499222346,0.026430629431704898
121-121726-0000,soundtrack,-5,wiener,wiener,also a popular contrivance whereby love making may be suspended but not stopped during the picnic season,"Also a broken private. We are by not making babies a bit, but not.",0.8823529411764706,0.6442307692307693,8.46,-1.0641757249832153,1160.703375004232,0.13719898049695411
121-121726-0000,soundtrack,-5,spectral_sub,spectral_subtraction,also a popular contrivance whereby love making may be suspended but not stopped during the picnic season,"also a popular candrive in. Whereby love making may be suspended, but not stopped during the picnic season.",0.23529411764705882,0.08653846153846154,8.46,-0.7331695479731405,207.9579580022255,0.02458131891279261
121-121726-0000,soundtrack,-5,adaptive,wiener,also a popular contrivance whereby love making may be suspended but not stopped during the picnic season,"also a really good product but I'm not making babies a bit, but not",0.8235294117647058,0.6826923076923077,8.46,-1.0921532767159599,1129.1813749994617,0.13347297576825787
121-121726-0000,soundtrack,0,raw,none,also a popular contrivance whereby love making may be suspended but not stopped during the picnic season,"Also, a popular contrivance, whereby love-making may be suspended, but not stopped during the take the excision.",0.47058823529411764,0.17307692307692307,8.46,-0.6564550676941872,325.0990000087768,0.03842777777881522
121-121726-0000,soundtrack,0,wiener,wiener,also a popular contrivance whereby love making may be suspended but not stopped during the picnic season,Also a popular contrivance. We're by love making babies a stupid button. Stop.,0.7647058823529411,0.4423076923076923,8.46,-0.9265684737608982,206.95304199762177,0.024462534515085312
121-121726-0000,soundtrack,0,spectral_sub,spectral_subtraction,also a popular contrivance whereby love making may be suspended but not stopped during the picnic season,"Also a popular cundrivence, whereby love-making may be suspended but not stopped during the pick the season.",0.35294117647058826,0.10576923076923077,8.46,-0.7405423409598215,319.22887499968056,0.03773390957443032
121-121726-0000,soundtrack,0,adaptive,wiener,also a popular contrivance whereby love making may be suspended but not stopped during the picnic season,Also a popular contrivance. We're by love making babies a stupid button. Stop.,0.7647058823529411,0.4423076923076923,8.46,-0.9265684737608982,211.8685000023106,0.02504355791989487
121-121726-0000,soundtrack,5,raw,none,also a popular contrivance whereby love making may be suspended but not stopped during the picnic season,"Also, a popular candrivance, whereby love-making may be suspended, but not stopped during the take the excision.",0.47058823529411764,0.19230769230769232,8.46,-0.7139070332050323,322.6565000077244,0.03813906619476647
121-121726-0000,soundtrack,5,wiener,wiener,also a popular contrivance whereby love making may be suspended but not stopped during the picnic season,Also a popular contrivance whereby love baking may be suspended but not stopped during the next season.,0.17647058823529413,0.07692307692307693,8.46,-0.6570727729797363,212.74112499668263,0.02514670508235019
121-121726-0000,soundtrack,5,spectral_sub,spectral_subtraction,also a popular contrivance whereby love making may be suspended but not stopped during the picnic season,"Also, a popular candrivance, whereby love-making may be suspended, but not stopped during the the technique season.",0.47058823529411764,0.16346153846153846,8.46,-0.6765639806514259,322.9631669964874,0.038175315247811745
121-121726-0000,soundtrack,5,adaptive,wiener,also a popular contrivance whereby love making may be suspended but not stopped during the picnic season,Also a popular contrivance whereby love baking may be suspended but not stopped during the next season.,0.17647058823529413,0.07692307692307693,8.46,-0.6570727729797363,213.7300000031246,0.025263593380983992
121-121726-0000,soundtrack,10,raw,none,also a popular contrivance whereby love making may be suspended but not stopped during the picnic season,"Also, a popular cundrivens, whereby love-making may be suspended, but not stopped during the the technique is in.",0.5294117647058824,0.22115384615384615,8.46,-0.9569175775956225,716.608125003404,0.08470545212806192
121-121726-0000,soundtrack,10,wiener,wiener,also a popular contrivance whereby love making may be suspended but not stopped during the picnic season,"Also a popular contrivance whereby love-making may be suspended, but not stopped during the picnic season.",0.23529411764705882,0.028846153846153848,8.46,-0.485737473876388,200.32608300971333,0.02367920602951694
121-121726-0000,soundtrack,10,spectral_sub,spectral_subtraction,also a popular contrivance whereby love making may be suspended but not stopped during the picnic season,"Also, a popular cundrivents, whereby love-making may be suspended, but not stopped during the picnic season.",0.35294117647058826,0.09615384615384616,8.46,-0.5413663387298584,210.52095800405368,0.024884273995751025
121-121726-0000,soundtrack,10,adaptive,wiener,also a popular contrivance whereby love making may be suspended but not stopped during the picnic season,"Also a popular contrivance whereby love-making may be suspended, but not stopped during the picnic season.",0.23529411764705882,0.028846153846153848,8.46,-0.485737473876388,216.9818749971455,0.0256479757679841
121-121726-0000,soundtrack,15,raw,none,also a popular contrivance whereby love making may be suspended but not stopped during the picnic season,"Also, a popular cundrivance, where by love making may be suspended, but not stopped during the picnic season.",0.35294117647058826,0.0673076923076923,8.46,-0.5336386349893385,244.98279200633988,0.02895777683290069
121-121726-0000,soundtrack,15,wiener,wiener,also a popular contrivance whereby love making may be suspended but not stopped during the picnic season,"Also, a popular contrivance whereby love-making may be suspended, but not stopped during the picnic season.",0.29411764705882354,0.038461538461538464,8.46,-0.4882303604057857,200.60266701329965,0.02371189917414889
121-121726-0000,soundtrack,15,spectral_sub,spectral_subtraction,also a popular contrivance whereby love making may be suspended but not stopped during the picnic season,"Also, a popular cundrivents, whereby lovemaking may be suspended, but not stopped during the picnic season.",0.35294117647058826,0.09615384615384616,8.46,-0.5662531018257141,235.67070899298415,0.02785705780058914
121-121726-0000,soundtrack,15,adaptive,wiener,also a popular contrivance whereby love making may be suspended but not stopped during the picnic season,"Also, a popular contrivance whereby love-making may be suspended, but not stopped during the picnic season.",0.29411764705882354,0.038461538461538464,8.46,-0.4882303604057857,202.08666699181776,0.02388731288319359
121-121726-0000,soundtrack,20,raw,none,also a popular contrivance whereby love making may be suspended but not stopped during the picnic season,"Also, a popular cundrivents, whereby lovemaking may be suspended, but not stopped during the picnic season.",0.35294117647058826,0.09615384615384616,8.46,-0.5373605867226918,206.69958299549762,0.024432574822162836
121-121726-0000,soundtrack,20,wiener,wiener,also a popular contrivance whereby love making may be suspended but not stopped during the picnic season,"Also, a popular contrivance whereby love-making may be suspended, but not stopped during the Next season.",0.35294117647058826,0.09615384615384616,8.46,-0.5468750751266876,317.0165000046836,0.037472399527740376
121-121726-0000,soundtrack,20,spectral_sub,spectral_subtraction,also a popular contrivance whereby love making may be suspended but not stopped during the picnic season,"Also, a popular cundrivents, whereby lovemaking may be suspended, but not stopped during the picnic season.",0.35294117647058826,0.09615384615384616,8.46,-0.5589612205823262,204.203041997971,0.02413747541347175
121-121726-0000,soundtrack,20,adaptive,wiener,also a popular contrivance whereby love making may be suspended but not stopped during the picnic season,"Also, a popular contrivance whereby love-making may be suspended, but not stopped during the Next season.",0.35294117647058826,0.09615384615384616,8.46,-0.5468750751266876,315.8538339921506,0.037334968556991796
1221-135766-0002,white,-5,raw,none,yet these thoughts affected hester prynne less with hope than apprehension,"Get these thoughts affected by certain rest, your hope, and apprehension.",0.7272727272727273,0.3108108108108108,4.825,-1.071585038129021,921.84704101237,0.19105638155696789
1221-135766-0002,white,-5,wiener,wiener,yet these thoughts affected hester prynne less with hope than apprehension,yet they start to protect the train lots of people.,0.9090909090909091,0.6486486486486487,4.825,-1.2007732391357422,861.0817089938791,0.17846253036142573
1221-135766-0002,white,-5,spectral_sub,spectral_subtraction,yet these thoughts affected hester prynne less with hope than apprehension,Get these thoughts affected after prayer and last your hope and after prayer.,0.8181818181818182,0.40540540540540543,4.825,-0.9064075245576746,357.99070799839683,0.07419496538826877
1221-135766-0002,white,-5,adaptive,wiener,yet these thoughts affected hester prynne less with hope than apprehension,yet they start to protect the great lots of people.,0.9090909090909091,0.6621621621621622,4.825,-1.2218199968338013,892.5339160050498,0.18498112248809323
1221-135766-0002,white,0,raw,none,yet these thoughts affected hester prynne less with hope than apprehension,yet these thoughts affected Hester,0.5454545454545454,0.5405405405405406,4.825,-0.903990912437439,166.64679200039245,0.034538195233241954
1221-135766-0002,white,0,wiener,wiener,yet these thoughts affected hester prynne less with hope than apprehension,get these thoughts and that you have to bring lots of hope on that one.,1.0909090909090908,0.5405405405405406,4.825,-1.1804859261763723,1466.2925000011455,0.30389481865308715
1221-135766-0002,white,0,spectral_sub,spectral_subtraction,yet these thoughts affected hester prynne less with hope than apprehension,Get these thoughts affected Hester Quinn lasts with hope and apprehension.,0.45454545454545453,0.14864864864864866,4.825,-0.8774139918386936,206.45204199536238,0.042787987978313444
1221-135766-0002,white,0,adaptive,wiener,yet these thoughts affected hester prynne less with hope than apprehension,yet they start to protect your friend's lives with hope and that will be great.,1.0909090909090908,0.6351351351351351,4.825,-1.1223302841186524,960.1854999928037,0.19900217616431162
1221-135766-0002,white,5,raw,none,yet these thoughts affected hester prynne less with hope than apprehension,yet these thoughts affected Hester print less with hope than apprehension.,0.18181818181818182,0.05405405405405406,4.825,-0.6175913102924824,192.6879169914173,0.03993531958371343
1221-135766-0002,white,5,wiener,wiener,yet these thoughts affected hester prynne less with hope than apprehension,Yet these thoughts affected us to create less with hope and apprehension.,0.45454545454545453,0.17567567567567569,4.825,-0.7089477963745594,178.70566601050086,0.03703744373274629
1221-135766-0002,white,5,spectral_sub,spectral_subtraction,yet these thoughts affected hester prynne less with hope than apprehension,Yet these thoughts affected Hester print less with hope than apprehension.,0.18181818181818182,0.05405405405405406,4.825,-0.5561239644885063,181.61425000289455,0.03764025906795742
1221-135766-0002,white,5,adaptive,wiener,yet these thoughts affected hester prynne less with hope than apprehension,Yet these thoughts affected us to create less with hope and apprehension.,0.45454545454545453,0.17567567567567569,4.825,-0.7089477963745594,182.62170800880995,0.03784905865467564
1221-135766-0002,white,10,raw,none,yet these thoughts affected hester prynne less with hope than apprehension,Yet these thoughts affected Hester print less with hope than apprehension.,0.18181818181818182,0.05405405405405406,4.825,-0.5413763411343098,205.4009579878766,0.042570146733238674
1221-135766-0002,white,10,wiener,wiener,yet these thoughts affected hester prynne less with hope than apprehension,Yet these thoughts affected us to pray last with hope and apprehension.,0.5454545454545454,0.20270270270270271,4.825,-0.5623718909919262,181.18754199531395,0.0375518221751946
1221-135766-0002,white,10,spectral_sub,spectral_subtraction,yet these thoughts affected hester prynne less with hope than apprehension,Yet these thoughts affected Hester print less with hope than apprehension.,0.18181818181818182,0.05405405405405406,4.825,-0.49333758652210236,176.47620900243055,0.03657538010413068
1221-135766-0002,white,10,adaptive,wiener,yet these thoughts affected hester prynne less with hope than apprehension,Yet these thoughts affected us to pray last with hope and apprehension.,0.5454545454545454,0.20270270270270271,4.825,-0.5623718909919262,195.15025000146125,0.04044564766869663
1221-135766-0002,white,15,raw,none,yet these thoughts affected hester prynne less with hope than apprehension,Yet these thoughts affected Hester Prin less with hope than apprehension.,0.18181818181818182,0.05405405405405406,4.825,-0.48274993896484375,178.33808400609996,0.036961260933906726
1221-135766-0002,white,15,wiener,wiener,yet these thoughts affected hester prynne less with hope than apprehension,Yet these thoughts affected Hester Prin last with hope and apprehension.,0.36363636363636365,0.12162162162162163,4.825,-0.6650742923512178,201.20504101214465,0.041700526634641376
1221-135766-0002,white,15,spectral_sub,spectral_subtraction,yet these thoughts affected hester prynne less with hope than apprehension,Yet these thoughts affected Hester Prin less with hope than apprehension.,0.18181818181818182,0.05405405405405406,4.825,-0.4708236806532916,178.26483299722895,0.03694607937766403
1221-135766-0002,white,15,adaptive,wiener,yet these thoughts affected hester prynne less with hope than apprehension,Yet these thoughts affected Hester Prin last with hope and apprehension.,0.36363636363636365,0.12162162162162163,4.825,-0.6650742923512178,205.52108300034888,0.0425950431088806
1221-135766-0002,white,20,raw,none,yet these thoughts affected hester prynne less with hope than apprehension,Yet these thoughts affected Hester Prin less with hope than apprehension.,0.18181818181818182,0.05405405405405406,4.825,-0.4553014530855067,237.82662500161678,0.04929049222831436
1221-135766-0002,white,20,wiener,wiener,yet these thoughts affected hester prynne less with hope than apprehension,Yet these thoughts affected Hester Prin last with hope and apprehension.,0.36363636363636365,0.12162162162162163,4.825,-0.6189027674057904,179.69987499236595,0.037243497407744235
1221-135766-0002,white,20,spectral_sub,spectral_subtraction,yet these thoughts affected hester prynne less with hope than apprehension,Yet these thoughts affected Hester Prin less with hope than apprehension.,0.18181818181818182,0.05405405405405406,4.825,-0.47463832182042737,177.81337499036454,0.03685251295137089
1221-135766-0002,white,20,adaptive,wiener,yet these thoughts affected hester prynne less with hope than apprehension,Yet these thoughts affected Hester Prin last with hope and apprehension.,0.36363636363636365,0.12162162162162163,4.825,-0.6189027674057904,192.45391599542927,0.039886821967964614
1221-135766-0002,pink,-5,raw,none,yet these thoughts affected hester prynne less with hope than apprehension,Yet these thoughts affected Hester Prin less with hope than apprehension.,0.18181818181818182,0.05405405405405406,4.825,-0.4808180752922507,181.2192499928642,0.037558393780904496
1221-135766-0002,pink,-5,wiener,wiener,yet these thoughts affected hester prynne less with hope than apprehension,Yet these thoughts affected us to print less with hope than apprehension.,0.36363636363636365,0.12162162162162163,4.825,-0.5341936089098454,174.2295410076622,0.03610974943163983
1221-135766-0002,pink,-5,spectral_sub,spectral_subtraction,yet these thoughts affected hester prynne less with hope than apprehension,Yet these thoughts affected Hester Prin less with hope than apprehension.,0.18181818181818182,0.05405405405405406,4.825,-0.47726305793313417,184.4696249900153,0.03823204663005498
1221-135766-0002,pink,-5,adaptive,none,yet these thoughts affected hester prynne less with hope than apprehension,Yet these thoughts affected Hester Prin less with hope than apprehension.,0.18181818181818182,0.05405405405405406,4.825,-0.4808180752922507,189.7019169991836,0.039316459481696084
1221-135766-0002,pink,0,raw,none,yet these thoughts affected hester prynne less with hope than apprehension,Yet these thoughts affected Hester Prin less with hope than apprehension.,0.18181818181818182,0.05405405405405406,4.825,-0.45517343633315144,182.41104199842084,0.0378053973053722
1221-135766-0002,pink,0,wiener,wiener,yet these thoughts affected hester prynne less with hope than apprehension,Yet these thoughts affected Hester Prin less with hope than apprehension.,0.18181818181818182,0.05405405405405406,4.825,-0.6335252313052907,181.4814590034075,0.03761273761728653
1221-135766-0002,pink,0,spectral_sub,spectral_subtraction,yet these thoughts affected hester prynne less with hope than apprehension,Yet these thoughts affected Hester Prin less with hope than apprehension.,0.18181818181818182,0.05405405405405406,4.825,-0.47283245535457835,203.9035409979988,0.042259801243108554
1221-135766-0002,pink,0,adaptive,none,yet these thoughts affected hester prynne less with hope than apprehension,Yet these thoughts affected Hester Prin less with hope than apprehension.,0.18181818181818182,0.05405405405405406,4.825,-0.45517343633315144,181.5382079948904,0.03762449906629853
1221-135766-0002,pink,5,raw,none,yet these thoughts affected hester prynne less with hope than apprehension,Yet these thoughts affected Hester Prin less with hope than apprehension.,0.18181818181818182,0.05405405405405406,4.825,-0.47940759097828584,180.44808400736656,0.0373985666336511
1221-135766-0002,pink,5,wiener,wiener,yet these thoughts affected hester prynne less with hope than apprehension,Yet these thoughts affected us to print less with hope than apprehension.,0.36363636363636365,0.12162162162162163,4.825,-0.4742185212671757,186.55958300223574,0.03866519854968616
1221-135766-0002,pink,5,spectral_sub,spectral_subtraction,yet these thoughts affected hester prynne less with hope than apprehension,Yet these thoughts affected Hester Prin less with hope than apprehension.,0.18181818181818182,0.05405405405405406,4.825,-0.4646185145658605,180.57620800391305,0.03742512082982654
1221-135766-0002,pink,5,adaptive,wiener,yet these thoughts affected hester prynne less with hope than apprehension,Yet these thoughts affected us to print less with hope than apprehension.,0.36363636363636365,0.12162162162162163,4.825,-0.4742185212671757,178.98762499680743,0.03709588082835387
1221-135766-0002,pink,10,raw,none,yet these thoughts affected hester prynne less with hope than apprehension,Yet these thoughts affected Hester Prin less with hope than apprehension.,0.18181818181818182,0.05405405405405406,4.825,-0.4748954772949219,182.78037499112543,0.03788194300334206
1221-135766-0002,pink,10,wiener,wiener,yet these thoughts affected hester prynne less with hope than apprehension,Yet these thoughts affected has to print less with hope than apprehension.,0.36363636363636365,0.10810810810810811,4.825,-0.507802851498127,190.75366700417362,0.03953443875734168
1221-135766-0002,pink,10,spectral_sub,spectral_subtraction,yet these thoughts affected hester prynne less with hope than apprehension,Yet these thoughts affected Hester Prin less with hope than apprehension.,0.18181818181818182,0.05405405405405406,4.825,-0.47629131990320545,182.73716600378975,0.03787298777280616
1221-135766-0002,pink,10,adaptive,wiener,yet these thoughts affected hester prynne less with hope than apprehension,Yet these thoughts affected has to print less with hope than apprehension.,0.36363636363636365,0.10810810810810811,4.825,-0.507802851498127,182.9609170090407,0.037919361038143154
1221-135766-0002,pink,15,raw,none,yet these thoughts affected hester prynne less with hope than apprehension,Yet these thoughts affected Hester Prin less with hope than apprehension.,0.18181818181818182,0.05405405405405406,4.825,-0.47650976742015166,182.50912500661798,0.037825725389972635
1221-135766-0002,pink,15,wiener,wiener,yet these thoughts affected hester prynne less with hope than apprehension,Yet these thoughts affected Hester Prin less with hope than apprehension.,0.18181818181818182,0.05405405405405406,4.825,-0.6166617449592141,203.12370799365453,0.042098177822519074
1221-135766-0002,pink,15,spectral_sub,spectral_subtraction,yet these thoughts affected hester prynne less with hope than apprehension,Yet these thoughts affected Hester Prin less with hope than apprehension.,0.18181818181818182,0.05405405405405406,4.825,-0.47066856833065257,181.67508298938628,0.03765286694080545
1221-135766-0002,pink,15,adaptive,wiener,yet these thoughts affected hester prynne less with hope than apprehension,Yet these thoughts affected Hester Prin less with hope than apprehension.,0.18181818181818182,0.05405405405405406,4.825,-0.6166617449592141,194.344290997833,0.04027860953322964
1221-135766-0002,pink,20,raw,none,yet these thoughts affected hester prynne less with hope than apprehension,Yet these thoughts affected Hester Prin less with hope than apprehension.,0.18181818181818182,0.05405405405405406,4.825,-0.4797697628245634,192.44520799838938,0.03988501720173873
1221-135766-0002,pink,20,wiener,wiener,yet these thoughts affected hester prynne less with hope than apprehension,Yet these thoughts affected Hester Prin less with hope than apprehension.,0.18181818181818182,0.05405405405405406,4.825,-0.6151579127592199,179.41945799975656,0.037185379896322604
1221-135766-0002,pink,20,spectral_sub,spectral_subtraction,yet these thoughts affected hester prynne less with hope than apprehension,Yet these thoughts affected Hester Prin less with hope than apprehension.,0.18181818181818182,0.05405405405405406,4.825,-0.4844239178825827,192.4695000052452,0.03989005181455859
1221-135766-0002,pink,20,adaptive,wiener,yet these thoughts affected hester prynne less with hope than apprehension,Yet these thoughts affected Hester Prin less with hope than apprehension.,0.18181818181818182,0.05405405405405406,4.825,-0.6151579127592199,191.24991599528585,0.03963728828917841
1221-135766-0002,babble,-5,raw,none,yet these thoughts affected hester prynne less with hope than apprehension,"Yet these thoughts affected us with red lights, with hope and apprehension.",0.5454545454545454,0.28378378378378377,4.825,-1.0449284946217257,951.1532500036992,0.1971302072546527
1221-135766-0002,babble,-5,wiener,wiener,yet these thoughts affected hester prynne less with hope than apprehension,"Please start, be happy, be happy, be happy, be happy, be happy.",1.0909090909090908,0.7837837837837838,4.825,-1.0137492134457542,908.0737920012325,0.18820182217642123
1221-135766-0002,babble,-5,spectral_sub,spectral_subtraction,yet these thoughts affected hester prynne less with hope than apprehension,"Get these thoughts about the festive bread, laughs, and hope, and evident.",0.9090909090909091,0.5405405405405406,4.825,-0.9862570535568964,185.48920800094493,0.038443359171180295
1221-135766-0002,babble,-5,adaptive,wiener,yet these thoughts affected hester prynne less with hope than apprehension,"At least I'll be back again to play love, so hope you're happy.",1.0909090909090908,0.7567567567567568,4.825,-1.5529810249805451,1789.1577080008574,0.3708098876685715
1221-135766-0002,babble,0,raw,none,yet these thoughts affected hester prynne less with hope than apprehension,Yet these thoughts affected has to print less with hope and apprehension.,0.45454545454545453,0.14864864864864866,4.825,-0.5670151859521866,190.80770800064784,0.039545638963864836
1221-135766-0002,babble,0,wiener,wiener,yet these thoughts affected hester prynne less with hope than apprehension,that they thought that they had to bring lots of hope and attention.,1.0909090909090908,0.5135135135135135,4.825,-1.0480967128978056,1010.8443329954753,0.20950141616486534
1221-135766-0002,babble,0,spectral_sub,spectral_subtraction,yet these thoughts affected hester prynne less with hope than apprehension,Yet these thoughts affected Hester print last with hope and apprehension.,0.36363636363636365,0.12162162162162163,4.825,-0.7271431758999825,191.7385840060888,0.03973856663338628
1221-135766-0002,babble,0,adaptive,wiener,yet these thoughts affected hester prynne less with hope than apprehension,But these thoughts affect the best different aspects of hope and adventure.,0.8181818181818182,0.5135135135135135,4.825,-1.2097197398543358,1020.7397500053048,0.21155227979384555
1221-135766-0002,babble,5,raw,none,yet these thoughts affected hester prynne less with hope than apprehension,Yet these thoughts affected Hester print less with hope than apprehension.,0.18181818181818182,0.05405405405405406,4.825,-0.5638798512518406,192.19691700709518,0.039833557928931645
1221-135766-0002,babble,5,wiener,wiener,yet these thoughts affected hester prynne less with hope than apprehension,Yet these thoughts affected has to pray last we hope and apprehension.,0.6363636363636364,0.22972972972972974,4.825,-0.795561857521534,179.90587498934474,0.03728619170763622
1221-135766-0002,babble,5,spectral_sub,spectral_subtraction,yet these thoughts affected hester prynne less with hope than apprehension,Yet these thoughts affected Hester print less with hope than apprehension.,0.18181818181818182,0.05405405405405406,4.825,-0.5339761823415756,176.61879200022668,0.03660493098450294
1221-135766-0002,babble,5,adaptive,wiener,yet these thoughts affected hester prynne less with hope than apprehension,Yet these thoughts affected has to pray last we hope and apprehension.,0.6363636363636364,0.22972972972972974,4.825,-0.795561857521534,195.45295801071916,0.04050838507994179
1221-135766-0002,babble,10,raw,none,yet these thoughts affected hester prynne less with hope than apprehension,Yet these thoughts affected Hester Prin less with hope than apprehension.,0.18181818181818182,0.05405405405405406,4.825,-0.47687681983498964,179.0627080044942,0.0371114420734703
1221-135766-0002,babble,10,wiener,wiener,yet these thoughts affected hester prynne less with hope than apprehension,Yet these thoughts affected has to pray last with hope and apprehension.,0.5454545454545454,0.1891891891891892,4.825,-0.6090832874178886,188.3165830076905,0.03902934362853689
1221-135766-0002,babble,10,spectral_sub,spectral_subtraction,yet these thoughts affected hester prynne less with hope than apprehension,Yet these thoughts affected Hester Prin less with hope than apprehension.,0.18181818181818182,0.05405405405405406,4.825,-0.44006897421444163,192.47024999640416,0.039890207253140755
1221-135766-0002,babble,10,adaptive,wiener,yet these thoughts affected hester prynne less with hope than apprehension,Yet these thoughts affected has to pray last with hope and apprehension.,0.5454545454545454,0.1891891891891892,4.825,-0.6090832874178886,186.09637500776444,0.03856919689280092
1221-135766-0002,babble,15,raw,none,yet these thoughts affected hester prynne less with hope than apprehension,Yet these thoughts affected Hester Prin less with hope than apprehension.,0.18181818181818182,0.05405405405405406,4.825,-0.4480934984543744,185.60983300267253,0.03846835917153835
1221-135766-0002,babble,15,wiener,wiener,yet these thoughts affected hester prynne less with hope than apprehension,Yet these thoughts affected has to pray less with hope and apprehension.,0.45454545454545453,0.16216216216216217,4.825,-0.512990690767765,193.8759159966139,0.04018153699411687
1221-135766-0002,babble,15,spectral_sub,spectral_subtraction,yet these thoughts affected hester prynne less with hope than apprehension,Yet these thoughts affected Hester Prin less with hope than apprehension.,0.18181818181818182,0.05405405405405406,4.825,-0.4379743127261891,193.87187500251457,0.04018069948238644
1221-135766-0002,babble,15,adaptive,wiener,yet these thoughts affected hester prynne less with hope than apprehension,Yet these thoughts affected has to pray less with hope and apprehension.,0.45454545454545453,0.16216216216216217,4.825,-0.512990690767765,178.31145800300874,0.03695574259129715
1221-135766-0002,babble,20,raw,none,yet these thoughts affected hester prynne less with hope than apprehension,Yet these thoughts affected Hester Prin less with hope than apprehension.,0.18181818181818182,0.05405405405405406,4.825,-0.45767929974724264,191.66212499840185,0.03972272020692266
1221-135766-0002,babble,20,wiener,wiener,yet these thoughts affected hester prynne less with hope than apprehension,Yet these thoughts affected has to print less with hope and apprehension.,0.45454545454545453,0.14864864864864866,4.825,-0.5152616277337074,189.0608749963576,0.03918360103551453
1221-135766-0002,babble,20,spectral_sub,spectral_subtraction,yet these thoughts affected hester prynne less with hope than apprehension,Yet these thoughts affected Hester Prin less with hope than apprehension.,0.18181818181818182,0.05405405405405406,4.825,-0.44262050179874196,182.3156669997843,0.03778563046627654
1221-135766-0002,babble,20,adaptive,wiener,yet these thoughts affected hester prynne less with hope than apprehension,Yet these thoughts affected has to print less with hope and apprehension.,0.45454545454545453,0.14864864864864866,4.825,-0.5152616277337074,174.9756659992272,0.03626438673559113
1221-135766-0002,soundtrack,-5,raw,none,yet these thoughts affected hester prynne less with hope than apprehension,yet these thoughts affected Hester Prin less with hope than apprehension.,0.18181818181818182,0.05405405405405406,4.825,-0.5769669588874368,193.8003329996718,0.04016587212428431
1221-135766-0002,soundtrack,-5,wiener,wiener,yet these thoughts affected hester prynne less with hope than apprehension,Get these thoughts affected us to print less with hope in every action.,0.6363636363636364,0.28378378378378377,4.825,-0.6086595198687386,179.258292002487,0.03715197761709575
1221-135766-0002,soundtrack,-5,spectral_sub,spectral_subtraction,yet these thoughts affected hester prynne less with hope than apprehension,Yet these thoughts affected Hester Prin last with hope and apprehension.,0.36363636363636365,0.12162162162162163,4.825,-0.5848064983592314,180.3145419980865,0.03737088953328217
1221-135766-0002,soundtrack,-5,adaptive,wiener,yet these thoughts affected hester prynne less with hope than apprehension,Get these thoughts affected us to print less with hope in every action.,0.6363636363636364,0.28378378378378377,4.825,-0.6086595198687386,197.77825000346638,0.040990310881547434
1221-135766-0002,soundtrack,0,raw,none,yet these thoughts affected hester prynne less with hope than apprehension,Yet these thoughts affected Hester Prin less with hope than apprehension.,0.18181818181818182,0.05405405405405406,4.825,-0.5150665956384995,177.10820799402427,0.03670636435109311
1221-135766-0002,soundtrack,0,wiener,wiener,yet these thoughts affected hester prynne less with hope than apprehension,Get these thoughts affected us to print less with hope and action.,0.5454545454545454,0.28378378378378377,4.825,-0.7533156685531139,179.45258399413433,0.03719224538738535
1221-135766-0002,soundtrack,0,spectral_sub,spectral_subtraction,yet these thoughts affected hester prynne less with hope than apprehension,Yet these thoughts affected Hester Prin less with hope than apprehension.,0.18181818181818182,0.05405405405405406,4.825,-0.47969868603874655,177.67716699745506,0.03682428331553473
1221-135766-0002,soundtrack,0,adaptive,wiener,yet these thoughts affected hester prynne less with hope than apprehension,Get these thoughts affected us to print less with hope and action.,0.5454545454545454,0.28378378378378377,4.825,-0.7533156685531139,190.38258299406152,0.03945753015420964
1221-135766-0002,soundtrack,5,raw,none,yet these thoughts affected hester prynne less with hope than apprehension,Yet these thoughts affected Hester Prin less with hope than apprehension.,0.18181818181818182,0.05405405405405406,4.825,-0.4915032106287339,179.76479200297035,0.03725695171046017
1221-135766-0002,soundtrack,5,wiener,wiener,yet these thoughts affected hester prynne less with hope than apprehension,yet they still have to expect it has to print less with hope and apprehension.,1.0,0.3918918918918919,4.825,-0.8007113306145919,187.48933299502824,0.03885789284871052
1221-135766-0002,soundtrack,5,spectral_sub,spectral_subtraction,yet these thoughts affected hester prynne less with hope than apprehension,Yet these thoughts affected Hester Prin less with hope than apprehension.,0.18181818181818182,0.05405405405405406,4.825,-0.47376082925235524,175.88570799853187,0.03645299647637966
1221-135766-0002,soundtrack,5,adaptive,wiener,yet these thoughts affected hester prynne less with hope than apprehension,yet they still have to expect it has to print less with hope and apprehension.,1.0,0.3918918918918919,4.825,-0.8007113306145919,198.5145419894252,0.041142910256875685
1221-135766-0002,soundtrack,10,raw,none,yet these thoughts affected hester prynne less with hope than apprehension,Yet these thoughts affected Hester Prin less with hope than apprehension.,0.18181818181818182,0.05405405405405406,4.825,-0.48347725587732654,179.17170899454504,0.037134032952237314
1221-135766-0002,soundtrack,10,wiener,wiener,yet these thoughts affected hester prynne less with hope than apprehension,Yet they've thought that affected Hester Prank last with hope and apprehension.,0.6363636363636364,0.22972972972972974,4.825,-0.8981175861860576,183.56987499282695,0.038045569946699886
1221-135766-0002,soundtrack,10,spectral_sub,spectral_subtraction,yet these thoughts affected hester prynne less with hope than apprehension,Yet these thoughts affected Hester Prin less with hope than apprehension.,0.18181818181818182,0.05405405405405406,4.825,-0.4670860066133387,194.0443750063423,0.04021645077851654
1221-135766-0002,soundtrack,10,adaptive,wiener,yet these thoughts affected hester prynne less with hope than apprehension,Yet they've thought that affected Hester Prank last with hope and apprehension.,0.6363636363636364,0.22972972972972974,4.825,-0.8981175861860576,194.91487499908544,0.04039686528478455
1221-135766-0002,soundtrack,15,raw,none,yet these thoughts affected hester prynne less with hope than apprehension,Yet these thoughts affected Hester Prin less with hope than apprehension.,0.18181818181818182,0.05405405405405406,4.825,-0.4743538463816923,177.97654199239332,0.036886329946610015
1221-135766-0002,soundtrack,15,wiener,wiener,yet these thoughts affected hester prynne less with hope than apprehension,Yet they've thought that affected Hester Prang less with hope and apprehension.,0.5454545454545454,0.20270270270270271,4.825,-0.8478122761375025,210.04441700642928,0.04353252165936358
1221-135766-0002,soundtrack,15,spectral_sub,spectral_subtraction,yet these thoughts affected hester prynne less with hope than apprehension,Yet these thoughts affected Hester Prin less with hope than apprehension.,0.18181818181818182,0.05405405405405406,4.825,-0.4558769394369686,185.25950000912417,0.038395751297227804
1221-135766-0002,soundtrack,15,adaptive,wiener,yet these thoughts affected hester prynne less with hope than apprehension,Yet they've thought that affected Hester Prang less with hope and apprehension.,0.5454545454545454,0.20270270270270271,4.825,-0.8478122761375025,183.46883299818728,0.038024628600660575
1221-135766-0002,soundtrack,20,raw,none,yet these thoughts affected hester prynne less with hope than apprehension,Yet these thoughts affected Hester Prin less with hope than apprehension.,0.18181818181818182,0.05405405405405406,4.825,-0.46207116631900563,193.76245800231118,0.040158022383898685
1221-135766-0002,soundtrack,20,wiener,wiener,yet these thoughts affected hester prynne less with hope than apprehension,"Yet, these thoughts affected Hester Prang less with hope and apprehension.",0.36363636363636365,0.10810810810810811,4.825,-0.6995417873064677,181.56554200686514,0.03763016414650055
1221-135766-0002,soundtrack,20,spectral_sub,spectral_subtraction,yet these thoughts affected hester prynne less with hope than apprehension,Yet these thoughts affected Hester Prin less with hope than apprehension.,0.18181818181818182,0.05405405405405406,4.825,-0.45852257223690257,182.32833400543313,0.037788255752421375
1221-135766-0002,soundtrack,20,adaptive,wiener,yet these thoughts affected hester prynne less with hope than apprehension,"Yet, these thoughts affected Hester Prang less with hope and apprehension.",0.36363636363636365,0.10810810810810811,4.825,-0.6995417873064677,197.47049998841248,0.04092652849500777
1284-1180-0000,white,-5,raw,none,he wore blue silk stockings blue knee pants with gold buckles a blue ruffled waist and a jacket of bright blue braided with gold,We will do such that we need to go back in. We will do such that we need to go back in. We will do such that we need to go back in.,1.375,0.796875,8.12,-0.6707037299178368,477.1042080101324,0.05875667586331681
1284-1180-0000,white,-5,wiener,wiener,he wore blue silk stockings blue knee pants with gold buckles a blue ruffled waist and a jacket of bright blue braided with gold,People do take fucking.,1.0,0.875,8.12,-0.14976929346720377,4305.786875003832,0.5302693195817528
1284-1180-0000,white,-5,spectral_sub,spectral_subtraction,he wore blue silk stockings blue knee pants with gold buckles a blue ruffled waist and a jacket of bright blue braided with gold,"who are blue sex bodies, blue music, and gold bodies. A blue rocket base, and a track of its bright blue, so it's a toy.",0.7083333333333334,0.5,8.12,-1.077094065176474,1550.2226670068922,0.19091412155257295
1284-1180-0000,white,-5,adaptive,wiener,he wore blue silk stockings blue knee pants with gold buckles a blue ruffled waist and a jacket of bright blue braided with gold,"We are doing great practice. We are doing great practice. I do not think that, I do not think that, I do not think that, I do not think that.",1.25,0.8515625,8.12,-0.6396019410113899,537.7398330019787,0.06622411736477571
1284-1180-0000,white,0,raw,none,he wore blue silk stockings blue knee pants with gold buckles a blue ruffled waist and a jacket of bright blue braided with gold,"He wore blue sticks, got it, blue new pants and gold busting. A blue roughly braised and attracted and bright blue day to be gold.",0.625,0.3984375,8.12,-0.987062371439404,215.02354100812227,0.02648073165124659
1284-1180-0000,white,0,wiener,wiener,he wore blue silk stockings blue knee pants with gold buckles a blue ruffled waist and a jacket of bright blue braided with gold,"We were blue-tracked talking, blue-tracked the gold bucket, a blue rocket brain, and the captain is by blue-tracked the gold.",0.8333333333333334,0.484375,8.12,-1.0006954889548452,1900.918166997144,0.2341032225365941
1284-1180-0000,white,0,spectral_sub,spectral_subtraction,he wore blue silk stockings blue knee pants with gold buckles a blue ruffled waist and a jacket of bright blue braided with gold,"who are blue sex gothies, blue new pants with gold buckles, a blue rusted waist and a jacket with bright blue dirty gold.",0.4583333333333333,0.2734375,8.12,-0.7869856289454868,236.45608298829757,0.029120207264568668
1284-1180-0000,white,0,adaptive,wiener,he wore blue silk stockings blue knee pants with gold buckles a blue ruffled waist and a jacket of bright blue braided with gold,"We were blue, gray, dark, blue, blue, pink, bright, dark, blue, black, black, black, blue, gray, dark, black, black, blue, gray, blue, gray, pink, dark.",1.0416666666666667,0.78125,8.12,-0.9254981526788676,1230.7237909990363,0.1515669693348567
1284-1180-0000,white,5,raw,none,he wore blue silk stockings blue knee pants with gold buckles a blue ruffled waist and a jacket of bright blue braided with gold,"He wore blue silk stockings, blue new pants with gold buckles, a blue ruffled waist and a jacket and bright blue braided with gold.",0.20833333333333334,0.0625,8.12,-0.49288482666015626,217.2502499888651,0.026754956895180433
1284-1180-0000,white,5,wiener,wiener,he wore blue silk stockings blue knee pants with gold buckles a blue ruffled waist and a jacket of bright blue braided with gold,"We were blue-tracked talking, blue-tracked the gold buckling, a blue rocket brain and a captain and bright blue-tracked the gold.",0.75,0.4453125,8.12,-0.7999053189629003,249.64629199530464,0.030744617240801065
1284-1180-0000,white,5,spectral_sub,spectral_subtraction,he wore blue silk stockings blue knee pants with gold buckles a blue ruffled waist and a jacket of bright blue braided with gold,"You wore blue silk stockings, blue new pants with gold buckles, a blue ruffled waist and a jacket and bright blue braided with gold.",0.25,0.0859375,8.12,-0.33340207168034147,217.16291600023396,0.02674420147786133
1284-1180-0000,white,5,adaptive,wiener,he wore blue silk stockings blue knee pants with gold buckles a blue ruffled waist and a jacket of bright blue braided with gold,"We were blue-tracked talking, blue-tracked the gold buckling, a blue rocket brain and a captain and bright blue-tracked the gold.",0.75,0.4453125,8.12,-0.7999053189629003,276.873249997152,0.03409769088634877
1284-1180-0000,white,10,raw,none,he wore blue silk stockings blue knee pants with gold buckles a blue ruffled waist and a jacket of bright blue braided with gold,"He wore blue silk stockings, blue knee pants with gold buckles, a blue ruffled waist and a jacket of bright blue braided with gold.",0.125,0.0234375,8.12,-0.2626457343230376,227.04441599489655,0.027961134974740957
1284-1180-0000,white,10,wiener,wiener,he wore blue silk stockings blue knee pants with gold buckles a blue ruffled waist and a jacket of bright blue braided with gold,"We were blue-stressed talking, blue-deep hands and gold buckles, a blue-ruffle brain and a jacket and bright blue-braded gold.",0.75,0.3203125,8.12,-0.9059768945742877,252.2920420014998,0.031070448522352193
1284-1180-0000,white,10,spectral_sub,spectral_subtraction,he wore blue silk stockings blue knee pants with gold buckles a blue ruffled waist and a jacket of bright blue braided with gold,"You wore blue silk stockings, blue knee pants with gold buckles, a blue ruffled waist and a jacket and bright blue braided with gold.",0.20833333333333334,0.0703125,8.12,-0.296510986379675,221.78120800526813,0.02731295665089509
1284-1180-0000,white,10,adaptive,wiener,he wore blue silk stockings blue knee pants with gold buckles a blue ruffled waist and a jacket of bright blue braided with gold,"We were blue-stressed talking, blue-deep hands and gold buckles, a blue-ruffle brain and a jacket and bright blue-braded gold.",0.75,0.3203125,8.12,-0.9059768945742877,224.3014159903396,0.027623327092406356
1284-1180-0000,white,15,raw,none,he wore blue silk stockings blue knee pants with gold buckles a blue ruffled waist and a jacket of bright blue braided with gold,"He wore blue silk stockings, blue knee pants with gold buffles, a blue ruffled waist, and a jacket of bright blue braided with gold.",0.16666666666666666,0.046875,8.12,-0.2635266443616466,239.64749999868218,0.029513238916093868
1284-1180-0000,white,15,wiener,wiener,he wore blue silk stockings blue knee pants with gold buckles a blue ruffled waist and a jacket of bright blue braided with gold,"We wore blue silk stockings, blue knee pants, the gold buckles, a blue ruffled waist, and a jacket and bright blue braided new gold.",0.375,0.125,8.12,-0.5408774919998951,223.96829100034665,0.027582301847333335
1284-1180-0000,white,15,spectral_sub,spectral_subtraction,he wore blue silk stockings blue knee pants with gold buckles a blue ruffled waist and a jacket of bright blue braided with gold,"He wore blue silk stockings, blue knee pants with gold buckles, a blue ruffled waist, and a jacket and bright blue braided with gold.",0.20833333333333334,0.0546875,8.12,-0.2146135394771894,223.85858300549444,0.027568791010528875
1284-1180-0000,white,15,adaptive,wiener,he wore blue silk stockings blue knee pants with gold buckles a blue ruffled waist and a jacket of bright blue braided with gold,"We wore blue silk stockings, blue knee pants, the gold buckles, a blue ruffled waist, and a jacket and bright blue braided new gold.",0.375,0.125,8.12,-0.5408774919998951,250.40483300108463,0.030838033620823234
1284-1180-0000,white,20,raw,none,he wore blue silk stockings blue knee pants with gold buckles a blue ruffled waist and a jacket of bright blue braided with gold,"He wore blue silk stockings, blue knee pants with gold buffles, a blue ruffled waist, and a jacket of bright blue braided with gold.",0.16666666666666666,0.046875,8.12,-0.2524705929191489,220.97316599683836,0.027213444088280588
1284-1180-0000,white,20,wiener,wiener,he wore blue silk stockings blue knee pants with gold buckles a blue ruffled waist and a jacket of bright blue braided with gold,"He wore blue silk stockings, blue knee pants with gold buckles, a blue ruffled waist, and a jacket and bright blue braided new gold.",0.25,0.0859375,8.12,-0.4285512781805462,219.4717080128612,0.02702853546956419
1284-1180-0000,white,20,spectral_sub,spectral_subtraction,he wore blue silk stockings blue knee pants with gold buckles a blue ruffled waist and a jacket of bright blue braided with gold,"He wore blue silk stockings, blue knee pants with gold buckles, a blue ruffled waist and a jacket and bright blue braided with gold.",0.16666666666666666,0.046875,8.12,-0.2372351675420194,235.15566700370982,0.02896005751277215
1284-1180-0000,white,20,adaptive,wiener,he wore blue silk stockings blue knee pants with gold buckles a blue ruffled waist and a jacket of bright blue braided with gold,"He wore blue silk stockings, blue knee pants with gold buckles, a blue ruffled waist, and a jacket and bright blue braided new gold.",0.25,0.0859375,8.12,-0.4285512781805462,234.97895899345167,0.02893829544254331
1284-1180-0000,pink,-5,raw,none,he wore blue silk stockings blue knee pants with gold buckles a blue ruffled waist and a jacket of bright blue braided with gold,"He wore blue silk stockings, blue knee pants with gold buckles, a blue ruffled waist and a jacket of bright blue braided with gold.",0.125,0.0234375,8.12,-0.23288420406547752,221.29599998879712,0.027253201969063688
1284-1180-0000,pink,-5,wiener,wiener,he wore blue silk stockings blue knee pants with gold buckles a blue ruffled waist and a jacket of bright blue braided with gold,"You wore blue silk stockings, blue knee pants with gold buckles, a blue ruckled waist and a jacket and bright blue braiding with gold.",0.2916666666666667,0.109375,8.12,-0.34859359908748316,241.28133300109766,0.029714449876982473
1284-1180-0000,pink,-5,spectral_sub,spectral_subtraction,he wore blue silk stockings blue knee pants with gold buckles a blue ruffled waist and a jacket of bright blue braided with gold,"He wore blue silk stockings, blue knee pants with gold buckles, a blue ruffled waist and a jacket of bright blue braided with gold.",0.125,0.0234375,8.12,-0.250797184737953,221.42649999295827,0.027269273398147574
1284-1180-0000,pink,-5,adaptive,none,he wore blue silk stockings blue knee pants with gold buckles a blue ruffled waist and a jacket of bright blue braided with gold,"He wore blue silk stockings, blue knee pants with gold buckles, a blue ruffled waist and a jacket of bright blue braided with gold.",0.125,0.0234375,8.12,-0.23288420406547752,245.16033398685977,0.03019215935798766
1284-1180-0000,pink,0,raw,none,he wore blue silk stockings blue knee pants with gold buckles a blue ruffled waist and a jacket of bright blue braided with gold,"He wore blue silk stockings, blue knee pants with gold buckles, a blue ruffled waist and a jacket of bright blue braided with gold.",0.125,0.0234375,8.12,-0.2037033648104281,219.5514579943847,0.027038356895860188
1284-1180-0000,pink,0,wiener,wiener,he wore blue silk stockings blue knee pants with gold buckles a blue ruffled waist and a jacket of bright blue braided with gold,"He wore blue silk stockings, blue knee pants with gold buckles, a blue ruffled waist, and a jacket and bright blue braiding with gold.",0.25,0.078125,8.12,-0.37692927373083013,249.29820900433697,0.030701749877381404
1284-1180-0000,pink,0,spectral_sub,spectral_subtraction,he wore blue silk stockings blue knee pants with gold buckles a blue ruffled waist and a jacket of bright blue braided with gold,"He wore blue silk stockings, blue knee pants with gold buckles, a blue ruffled waist and a jacket of bright blue braided with gold.",0.125,0.0234375,8.12,-0.21653438581002726,222.95829199720174,0.02745791773364554
1284-1180-0000,pink,0,adaptive,none,he wore blue silk stockings blue knee pants with gold buckles a blue ruffled waist and a jacket of bright blue braided with gold,"He wore blue silk stockings, blue knee pants with gold buckles, a blue ruffled waist and a jacket of bright blue braided with gold.",0.125,0.0234375,8.12,-0.2037033648104281,232.54008300136775,0.02863794125632608
1284-1180-0000,pink,5,raw,none,he wore blue silk stockings blue knee pants with gold buckles a blue ruffled waist and a jacket of bright blue braided with gold,"He wore blue silk stockings, blue knee pants with gold buckles, a blue ruffled waist and a jacket of bright blue braided with gold.",0.125,0.0234375,8.12,-0.2002969448630874,233.42137500003446,0.028746474753698827
1284-1180-0000,pink,5,wiener,wiener,he wore blue silk stockings blue knee pants with gold buckles a blue ruffled waist and a jacket of bright blue braided with gold,"He wore blue silk stockings, blue knee pants with gold buckles, a blue ruckled waist, and a jacket and bright blue braiding with gold.",0.2916666666666667,0.09375,8.12,-0.3782756822673898,242.11645800096449,0.029817297783370014
1284-1180-0000,pink,5,spectral_sub,spectral_subtraction,he wore blue silk stockings blue knee pants with gold buckles a blue ruffled waist and a jacket of bright blue braided with gold,"He wore blue silk stockings, blue knee pants with gold buckles, a blue ruffled waist and a jacket of bright blue braided with gold.",0.125,0.0234375,8.12,-0.21347620358338226,232.86279098829255,0.028677683619247853
1284-1180-0000,pink,5,adaptive,none,he wore blue silk stockings blue knee pants with gold buckles a blue ruffled waist and a jacket of bright blue braided with gold,"He wore blue silk stockings, blue knee pants with gold buckles, a blue ruffled waist and a jacket of bright blue braided with gold.",0.125,0.0234375,8.12,-0.2002969448630874,226.5075000032084,0.027895012315666063
1284-1180-0000,pink,10,raw,none,he wore blue silk stockings blue knee pants with gold buckles a blue ruffled waist and a jacket of bright blue braided with gold,"He wore blue silk stockings, blue knee pants with gold buckles, a blue ruffled waist and a jacket of bright blue braided with gold.",0.125,0.0234375,8.12,-0.19774596111194506,224.84037499816623,0.02768970135445397
1284-1180-0000,pink,10,wiener,wiener,he wore blue silk stockings blue knee pants with gold buckles a blue ruffled waist and a jacket of bright blue braided with gold,"He wore blue silk stockings, blue knee pants with gold buckles, a blue ruffled waist and a jacket and bright blue braiding with gold.",0.20833333333333334,0.0703125,8.12,-0.2791920932563576,231.30758300249,0.028486155542178572
1284-1180-0000,pink,10,spectral_sub,spectral_subtraction,he wore blue silk stockings blue knee pants with gold buckles a blue ruffled waist and a jacket of bright blue braided with gold,"He wore blue silk stockings, blue knee pants with gold buckles, a blue ruffled waist and a jacket of bright blue braided with gold.",0.125,0.0234375,8.12,-0.20384095488367854,220.3700419922825,0.027139167733039718
1284-1180-0000,pink,10,adaptive,none,he wore blue silk stockings blue knee pants with gold buckles a blue ruffled waist and a jacket of bright blue braided with gold,"He wore blue silk stockings, blue knee pants with gold buckles, a blue ruffled waist and a jacket of bright blue braided with gold.",0.125,0.0234375,8.12,-0.19774596111194506,235.5934169900138,0.029013967609607613
1284-1180-0000,pink,15,raw,none,he wore blue silk stockings blue knee pants with gold buckles a blue ruffled waist and a jacket of bright blue braided with gold,"He wore blue silk stockings, blue knee pants with gold buckles, a blue ruffled waist and a jacket of bright blue braided with gold.",0.125,0.0234375,8.12,-0.19773756652264982,220.63658299157396,0.02717199297925788
1284-1180-0000,pink,15,wiener,wiener,he wore blue silk stockings blue knee pants with gold buckles a blue ruffled waist and a jacket of bright blue braided with gold,"He wore blue silk stockings, blue knee pants with gold buckles, a blue ruffled waist, and a jacket and bright blue braiding with gold.",0.25,0.078125,8.12,-0.35794151535159663,235.75295800401364,0.029033615517735673
1284-1180-0000,pink,15,spectral_sub,spectral_subtraction,he wore blue silk stockings blue knee pants with gold buckles a blue ruffled waist and a jacket of bright blue braided with gold,"He wore blue silk stockings, blue knee pants with gold buckles, a blue ruffled waist and a jacket of bright blue braided with gold.",0.125,0.0234375,8.12,-0.19822030615162206,240.80324999522418,0.029655572659510368
1284-1180-0000,pink,15,adaptive,none,he wore blue silk stockings blue knee pants with gold buckles a blue ruffled waist and a jacket of bright blue braided with gold,"He wore blue silk stockings, blue knee pants with gold buckles, a blue ruffled waist and a jacket of bright blue braided with gold.",0.125,0.0234375,8.12,-0.19773756652264982,236.85174999991432,0.02916893472905349
1284-1180-0000,pink,20,raw,none,he wore blue silk stockings blue knee pants with gold buckles a blue ruffled waist and a jacket of bright blue braided with gold,"He wore blue silk stockings, blue knee pants with gold buckles, a blue ruffled waist and a jacket of bright blue braided with gold.",0.125,0.0234375,8.12,-0.19706325917630582,246.73462500504684,0.03038603756219789
1284-1180-0000,pink,20,wiener,wiener,he wore blue silk stockings blue knee pants with gold buckles a blue ruffled waist and a jacket of bright blue braided with gold,"He wore blue silk stockings, blue knee pants with gold buckles, a blue ruffled waist, and a jacket and bright blue braiding with gold.",0.25,0.078125,8.12,-0.36273660314710515,236.04933300521225,0.029070114902119738
1284-1180-0000,pink,20,spectral_sub,spectral_subtraction,he wore blue silk stockings blue knee pants with gold buckles a blue ruffled waist and a jacket of bright blue braided with gold,"He wore blue silk stockings, blue knee pants with gold buckles, a blue ruffled waist and a jacket of bright blue braided with gold.",0.125,0.0234375,8.12,-0.179705182995115,215.94612499757204,0.026594350369159123
1284-1180-0000,pink,20,adaptive,none,he wore blue silk stockings blue knee pants with gold buckles a blue ruffled waist and a jacket of bright blue braided with gold,"He wore blue silk stockings, blue knee pants with gold buckles, a blue ruffled waist and a jacket of bright blue braided with gold.",0.125,0.0234375,8.12,-0.19706325917630582,234.46729198622052,0.028875282264312876
1284-1180-0000,babble,-5,raw,none,he wore blue silk stockings blue knee pants with gold buckles a blue ruffled waist and a jacket of bright blue braided with gold,"We were doing this last time. We need to go and touch it. I do roughly go and it's that, it's about two years later this time.",1.0833333333333333,0.75,8.12,-0.9802172609737941,230.29287499957718,0.028361191502410985
1284-1180-0000,babble,-5,wiener,wiener,he wore blue silk stockings blue knee pants with gold buckles a blue ruffled waist and a jacket of bright blue braided with gold,We are going to get back to you. We need to get back to you. But we are going to get back to you. We are going to get back to you.,1.3333333333333333,0.75,8.12,-0.5818043814765083,246.87075000838377,0.030402801725170417
1284-1180-0000,babble,-5,spectral_sub,spectral_subtraction,he wore blue silk stockings blue knee pants with gold buckles a blue ruffled waist and a jacket of bright blue braided with gold,"who are the leastest faculty who need to ask the gold question, a blue reference race in the fact that it is right blue for the experience.",0.9583333333333334,0.671875,8.12,-0.9887249537876674,215.26183300011326,0.026510077955678973
1284-1180-0000,babble,-5,adaptive,wiener,he wore blue silk stockings blue knee pants with gold buckles a blue ruffled waist and a jacket of bright blue braided with gold,We are going to get back to you. We need to get back to you. But we are going to get back to you. We are going to get back to you.,1.3333333333333333,0.75,8.12,-0.5818043814765083,250.43287499283906,0.03084148706808363
1284-1180-0000,babble,0,raw,none,he wore blue silk stockings blue knee pants with gold buckles a blue ruffled waist and a jacket of bright blue braided with gold,"to be so shocking, we need her to go bustle, a blue rocket base in the jacket and bright blue",0.7916666666666666,0.5078125,8.12,-1.1711417745660853,1720.257875000243,0.21185441810347824
1284-1180-0000,babble,0,wiener,wiener,he wore blue silk stockings blue knee pants with gold buckles a blue ruffled waist and a jacket of bright blue braided with gold,"We will believe that talking, believe in the gun company, agree with one another right, and that the act can invite and believe in the gun.",1.0416666666666667,0.7421875,8.12,-1.843409892490932,2814.506791997701,0.3466141369455297
1284-1180-0000,babble,0,spectral_sub,spectral_subtraction,he wore blue silk stockings blue knee pants with gold buckles a blue ruffled waist and a jacket of bright blue braided with gold,who are blue-steel stockin' blue-leaf nice and gold bustles a blue ruffled waist and adapted them bright blue-footed with gold,0.625,0.328125,8.12,-0.9110306069254875,558.4375840116991,0.06877310147927329
1284-1180-0000,babble,0,adaptive,wiener,he wore blue silk stockings blue knee pants with gold buckles a blue ruffled waist and a jacket of bright blue braided with gold,We will briefly talk to you. We will briefly talk to you. We will be talking to you. We will be talking to you.,1.0,0.71875,8.12,-1.0042635943438556,2415.185207995819,0.2974366019699285
1284-1180-0000,babble,5,raw,none,he wore blue silk stockings blue knee pants with gold buckles a blue ruffled waist and a jacket of bright blue braided with gold,"through our blue silk stockings, blue knee pants, the gold bustle, a blue ruffled waist, and a jacket and bright blue braided with gold.",0.375,0.171875,8.12,-0.5734567978443244,226.3212910038419,0.027872080172886938
1284-1180-0000,babble,5,wiener,wiener,he wore blue silk stockings blue knee pants with gold buckles a blue ruffled waist and a jacket of bright blue braided with gold,"We were bleak enough talking. We were unique ones to go buckling. A blue rocket race can be packed in bright blue, brave and resilient.",0.9166666666666666,0.546875,8.12,-0.949789640065786,516.5572919941042,0.063615430048535
1284-1180-0000,babble,5,spectral_sub,spectral_subtraction,he wore blue silk stockings blue knee pants with gold buckles a blue ruffled waist and a jacket of bright blue braided with gold,"who are blue silk stockings, blue knee pants, the gold bustle, a blue ruffled waist and a jacket and bright blue braided with gold.",0.3333333333333333,0.125,8.12,-0.4247119340457414,234.68687500280794,0.028902324507734972
1284-1180-0000,babble,5,adaptive,wiener,he wore blue silk stockings blue knee pants with gold buckles a blue ruffled waist and a jacket of bright blue braided with gold,"We were bleak enough talking, we were neat ones to go buckling, a blue rocket race, and a captain and fight blue breaking the zone.",0.8333333333333334,0.53125,8.12,-0.995790530473758,523.4505420085043,0.06446435246410152
1284-1180-0000,babble,10,raw,none,he wore blue silk stockings blue knee pants with gold buckles a blue ruffled waist and a jacket of bright blue braided with gold,"He wore blue silk stockings, blue knee pants with gold bustles, a blue ruffled waist and a jacket and bright blue braided with gold.",0.16666666666666666,0.0625,8.12,-0.29075624169530095,245.723750005709,0.030261545567205547
1284-1180-0000,babble,10,wiener,wiener,he wore blue silk stockings blue knee pants with gold buckles a blue ruffled waist and a jacket of bright blue braided with gold,"We wore bleach of stockings, blue meatplants and gold buckles, a blue rocket race and a jacket and bright blue braided gold.",0.5416666666666666,0.2890625,8.12,-0.7065093347004482,216.3542909984244,0.026644617118032565
1284-1180-0000,babble,10,spectral_sub,spectral_subtraction,he wore blue silk stockings blue knee pants with gold buckles a blue ruffled waist and a jacket of bright blue braided with gold,"We wore blue silk stockings, blue knee pants with gold's bevels, a blue ruffled waist, and a jacket and bright blue braided with gold.",0.2916666666666667,0.109375,8.12,-0.41282893270254134,235.62591600057203,0.029017969950809366
1284-1180-0000,babble,10,adaptive,wiener,he wore blue silk stockings blue knee pants with gold buckles a blue ruffled waist and a jacket of bright blue braided with gold,"We wore bleach of stockings, blue meatplants and gold buckles, a blue rocket race and a jacket and bright blue braided gold.",0.5416666666666666,0.2890625,8.12,-0.7065093347004482,219.51750000880565,0.027034174877931732
1284-1180-0000,babble,15,raw,none,he wore blue silk stockings blue knee pants with gold buckles a blue ruffled waist and a jacket of bright blue braided with gold,"He wore blue silk stockings, blue knee pants with gold buckles, a blue ruffled waist, and a jacket and bright blue braided with gold.",0.20833333333333334,0.0546875,8.12,-0.2957465758449153,222.70308299630415,0.027426488053732042
1284-1180-0000,babble,15,wiener,wiener,he wore blue silk stockings blue knee pants with gold buckles a blue ruffled waist and a jacket of bright blue braided with gold,"We wore blue silk stockings, blue neat hands with gold buckles, a blue roughed waist and a jacket and bright blue braided with gold.",0.3333333333333333,0.125,8.12,-0.43395485749115814,240.75508299574722,0.02964964076302306
1284-1180-0000,babble,15,spectral_sub,spectral_subtraction,he wore blue silk stockings blue knee pants with gold buckles a blue ruffled waist and a jacket of bright blue braided with gold,"He wore blue silk stockings, blue knee pants with gold buckles, a blue ruffled waist and a jacket and bright blue braided with gold.",0.16666666666666666,0.046875,8.12,-0.26006037480122335,255.61999999627005,0.031480295566043114
1284-1180-0000,babble,15,adaptive,wiener,he wore blue silk stockings blue knee pants with gold buckles a blue ruffled waist and a jacket of bright blue braided with gold,"We wore blue silk stockings, blue neat hands with gold buckles, a blue roughed waist and a jacket and bright blue braided with gold.",0.3333333333333333,0.125,8.12,-0.43395485749115814,237.4915830005193,0.02924773189661568
1284-1180-0000,babble,20,raw,none,he wore blue silk stockings blue knee pants with gold buckles a blue ruffled waist and a jacket of bright blue braided with gold,"He wore blue silk stockings, blue knee pants with gold buffles, a blue ruffled waist, and a jacket of bright blue braided with gold.",0.16666666666666666,0.046875,8.12,-0.2552621874370073,220.03987499920186,0.027098506773300723
1284-1180-0000,babble,20,wiener,wiener,he wore blue silk stockings blue knee pants with gold buckles a blue ruffled waist and a jacket of bright blue braided with gold,"He wore blue silk stockings, blue knee pants with gold buckles, a blue roughed waist and a jacket and bright blue braided meat gold.",0.25,0.109375,8.12,-0.3601692012838415,224.05774999060668,0.02759331896436043
1284-1180-0000,babble,20,spectral_sub,spectral_subtraction,he wore blue silk stockings blue knee pants with gold buckles a blue ruffled waist and a jacket of bright blue braided with gold,"He wore blue silk stockings, blue knee pants with gold buckles, a blue ruffled waist and a jacket and bright blue braided with gold.",0.16666666666666666,0.046875,8.12,-0.2470743076221363,230.0217920128489,0.028327806898134102
1284-1180-0000,babble,20,adaptive,wiener,he wore blue silk stockings blue knee pants with gold buckles a blue ruffled waist and a jacket of bright blue braided with gold,"He wore blue silk stockings, blue knee pants with gold buckles, a blue roughed waist and a jacket and bright blue braided meat gold.",0.25,0.109375,8.12,-0.3601692012838415,215.59049999632407,0.02655055418673942
1284-1180-0000,soundtrack,-5,raw,none,he wore blue silk stockings blue knee pants with gold buckles a blue ruffled waist and a jacket of bright blue braided with gold,"The war blew some stockings, blue knee pants with gold buckles, a blue ruffled waist and a jacket of bright blue braided new gold.",0.3333333333333333,0.1171875,8.12,-0.5290853466306414,232.35725000267848,0.028615424877177154
1284-1180-0000,soundtrack,-5,wiener,wiener,he wore blue silk stockings blue knee pants with gold buckles a blue ruffled waist and a jacket of bright blue braided with gold,"We want to do some starting, doing these hands with all buttons and we want to do some things and we just have to do a bike,",1.0833333333333333,0.671875,8.12,-0.9929010083800868,220.13149999838788,0.027109790640195554
1284-1180-0000,soundtrack,-5,spectral_sub,spectral_subtraction,he wore blue silk stockings blue knee pants with gold buckles a blue ruffled waist and a jacket of bright blue braided with gold,"He wore blue silk stockings, blue knee pants with gold buffles, a blue roughing waist, and a jacket and bright blue braided gold.",0.2916666666666667,0.15625,8.12,-0.45559436696417194,216.12095899763517,0.026615881649955073
1284-1180-0000,soundtrack,-5,adaptive,none,he wore blue silk stockings blue knee pants with gold buckles a blue ruffled waist and a jacket of bright blue braided with gold,"The war blew some stockings, blue knee pants with gold buckles, a blue ruffled waist and a jacket of bright blue braided new gold.",0.3333333333333333,0.1171875,8.12,-0.5290853466306414,239.72175001108553,0.029522383006291324
1284-1180-0000,soundtrack,0,raw,none,he wore blue silk stockings blue knee pants with gold buckles a blue ruffled waist and a jacket of bright blue braided with gold,"He wore blue silk stockings, blue knee pants with gold buckles, a blue ruffled waist and a jacket of bright blue braided with gold.",0.125,0.0234375,8.12,-0.27496699062553615,223.85087500151712,0.027567841748955314
1284-1180-0000,soundtrack,0,wiener,wiener,he wore blue silk stockings blue knee pants with gold buckles a blue ruffled waist and a jacket of bright blue braided with gold,"We work with some stockings. Blue knee hands with gold buckles. A blue rocket weighs and a jackpot in bright blue, bright and green gold.",0.6666666666666666,0.3125,8.12,-0.945875326792399,249.3812920001801,0.030711981773421198
1284-1180-0000,soundtrack,0,spectral_sub,spectral_subtraction,he wore blue silk stockings blue knee pants with gold buckles a blue ruffled waist and a jacket of bright blue braided with gold,"He wore blue silk stockings, blue knee pants with gold buffles, a blue ruffled waist, and a jacket and bright blue braided with gold.",0.20833333333333334,0.0703125,8.12,-0.3331067358192645,229.96112500550225,0.028320335591810627
1284-1180-0000,soundtrack,0,adaptive,none,he wore blue silk stockings blue knee pants with gold buckles a blue ruffled waist and a jacket of bright blue braided with gold,"He wore blue silk stockings, blue knee pants with gold buckles, a blue ruffled waist and a jacket of bright blue braided with gold.",0.125,0.0234375,8.12,-0.27496699062553615,229.90366599697154,0.02831325935923295
1284-1180-0000,soundtrack,5,raw,none,he wore blue silk stockings blue knee pants with gold buckles a blue ruffled waist and a jacket of bright blue braided with gold,"He wore blue silk stockings, blue knee pants with gold buckles, a blue ruffled waist and a jacket and bright blue braided with gold.",0.16666666666666666,0.046875,8.12,-0.2648538737683683,232.59012500056997,0.028644104064109607
1284-1180-0000,soundtrack,5,wiener,wiener,he wore blue silk stockings blue knee pants with gold buckles a blue ruffled waist and a jacket of bright blue braided with gold,"He wore blue-stepped stockings, blue knee-pans with gold buckles, a blue-rusted wanes for energetic bright blue-pated gold.",0.7083333333333334,0.3203125,8.12,-0.7169278487563133,224.4817090104334,0.027645530666309537
1284-1180-0000,soundtrack,5,spectral_sub,spectral_subtraction,he wore blue silk stockings blue knee pants with gold buckles a blue ruffled waist and a jacket of bright blue braided with gold,"He wore blue silk stockings, blue knee pants with gold buckles, a blue ruffled waist, and a jacket and bright blue braided with gold.",0.20833333333333334,0.0546875,8.12,-0.26522187309132683,229.5414160034852,0.02826864729106961
1284-1180-0000,soundtrack,5,adaptive,none,he wore blue silk stockings blue knee pants with gold buckles a blue ruffled waist and a jacket of bright blue braided with gold,"He wore blue silk stockings, blue knee pants with gold buckles, a blue ruffled waist and a jacket and bright blue braided with gold.",0.16666666666666666,0.046875,8.12,-0.2648538737683683,216.15712500351947,0.02662033559156644
1284-1180-0000,soundtrack,10,raw,none,he wore blue silk stockings blue knee pants with gold buckles a blue ruffled waist and a jacket of bright blue braided with gold,"He wore blue silk stockings, blue knee pants with gold buckles, a blue ruffled waist and a jacket of bright blue braided with gold.",0.125,0.0234375,8.12,-0.2436961741060824,216.14016599778552,0.02661824704406226
1284-1180-0000,soundtrack,10,wiener,wiener,he wore blue silk stockings blue knee pants with gold buckles a blue ruffled waist and a jacket of bright blue braided with gold,"He wore blue silk stockings, blue knee pants with gold buckles, a blue rocket waist and a jacket and bright blue braided with gold.",0.20833333333333334,0.0859375,8.12,-0.34957907029560636,231.22624999086838,0.028476139161436997
1284-1180-0000,soundtrack,10,spectral_sub,spectral_subtraction,he wore blue silk stockings blue knee pants with gold buckles a blue ruffled waist and a jacket of bright blue braided with gold,"He wore blue silk stockings, blue knee pants with gold buckles, a blue ruffled waist and a jacket and bright blue braided with gold.",0.16666666666666666,0.046875,8.12,-0.23586866179028074,218.49450000445358,0.026908189655720886
1284-1180-0000,soundtrack,10,adaptive,none,he wore blue silk stockings blue knee pants with gold buckles a blue ruffled waist and a jacket of bright blue braided with gold,"He wore blue silk stockings, blue knee pants with gold buckles, a blue ruffled waist and a jacket of bright blue braided with gold.",0.125,0.0234375,8.12,-0.2436961741060824,234.69275000388734,0.028903048030035388
1284-1180-0000,soundtrack,15,raw,none,he wore blue silk stockings blue knee pants with gold buckles a blue ruffled waist and a jacket of bright blue braided with gold,"He wore blue silk stockings, blue knee pants with gold buckles, a blue ruffled waist and a jacket of bright blue braided with gold.",0.125,0.0234375,8.12,-0.21943930516371857,230.4089999961434,0.02837549261036249
1284-1180-0000,soundtrack,15,wiener,wiener,he wore blue silk stockings blue knee pants with gold buckles a blue ruffled waist and a jacket of bright blue braided with gold,"He wore blue silk stockings, blue knee pants with gold buckles, a blue rusted waist and a jacket and bright blue braiding with gold.",0.25,0.09375,8.12,-0.32480496499273515,219.33783301210497,0.02701204840050554
1284-1180-0000,soundtrack,15,spectral_sub,spectral_subtraction,he wore blue silk stockings blue knee pants with gold buckles a blue ruffled waist and a jacket of bright blue braided with gold,"He wore blue silk stockings, blue knee pants with gold buckles, a blue ruffled waist and a jacket of bright blue braided with gold.",0.125,0.0234375,8.12,-0.21437616444922783,256.40866698813625,0.03157742204287393
1284-1180-0000,soundtrack,15,adaptive,none,he wore blue silk stockings blue knee pants with gold buckles a blue ruffled waist and a jacket of bright blue braided with gold,"He wore blue silk stockings, blue knee pants with gold buckles, a blue ruffled waist and a jacket of bright blue braided with gold.",0.125,0.0234375,8.12,-0.21943930516371857,222.59554101037793,0.027413243966795314
1284-1180-0000,soundtrack,20,raw,none,he wore blue silk stockings blue knee pants with gold buckles a blue ruffled waist and a jacket of bright blue braided with gold,"He wore blue silk stockings, blue knee pants with gold buckles, a blue ruffled waist and a jacket of bright blue braided with gold.",0.125,0.0234375,8.12,-0.21362482695966153,232.14295800426044,0.028589034236977888
1284-1180-0000,soundtrack,20,wiener,wiener,he wore blue silk stockings blue knee pants with gold buckles a blue ruffled waist and a jacket of bright blue braided with gold,"He wore blue silk stockings, blue knee pants with gold buckles, a blue rusted waist and a jacket and bright blue braiding gold.",0.2916666666666667,0.1171875,8.12,-0.3316162109375,228.08841599908192,0.028089706403827824
1284-1180-0000,soundtrack,20,spectral_sub,spectral_subtraction,he wore blue silk stockings blue knee pants with gold buckles a blue ruffled waist and a jacket of bright blue braided with gold,"He wore blue silk stockings, blue knee pants with gold buckles, a blue ruffled waist and a jacket of bright blue braided with gold.",0.125,0.0234375,8.12,-0.19999183996303663,229.71258299367037,0.02828972696966384
1284-1180-0000,soundtrack,20,adaptive,none,he wore blue silk stockings blue knee pants with gold buckles a blue ruffled waist and a jacket of bright blue braided with gold,"He wore blue silk stockings, blue knee pants with gold buckles, a blue ruffled waist and a jacket of bright blue braided with gold.",0.125,0.0234375,8.12,-0.21362482695966153,232.98920900560915,0.02869325234059226
1320-122612-0001,white,-5,raw,none,the dews were suffered to exhale and the sun had dispersed the mists and was shedding a strong and clear light in the forest when the travelers resumed their journey,The view is a separate place where an external head is first in the end and the skin and the skin and the skin are lighter than the skin and the tap is the view is in the end,1.1,0.6484848484848484,9.52,-1.108783924061319,2379.648083006032,0.24996303392920502
1320-122612-0001,white,-5,wiener,wiener,the dews were suffered to exhale and the sun had dispersed the mists and was shedding a strong and clear light in the forest when the travelers resumed their journey,"We believe that the public record, when it's finally expressed in it, and it's getting a strong, clear life in the field, and the public record will be the beginning.",0.8666666666666667,0.6181818181818182,9.52,-1.0300662111152301,2805.7586250070017,0.29472254464359265
1320-122612-0001,white,-5,spectral_sub,spectral_subtraction,the dews were suffered to exhale and the sun had dispersed the mists and was shedding a strong and clear light in the forest when the travelers resumed their journey,"The youth of separate prayer and the strength of the spirit and the strength of the youth and the strength of the youth and the strength of the youth,",0.7666666666666667,0.6363636363636364,9.52,-1.0495863249807647,1661.16379199957,0.17449199495793805
1320-122612-0001,white,-5,adaptive,wiener,the dews were suffered to exhale and the sun had dispersed the mists and was shedding a strong and clear light in the forest when the travelers resumed their journey,"But you, you're perfectly correct now. When it's time to make a space for me, when it's getting a stone, when it's being alive in the front, then you're perfectly correct now.",1.0,0.7333333333333333,9.52,-0.8593932975221563,1356.7487499967683,0.14251562499966056
1320-122612-0001,white,0,raw,none,the dews were suffered to exhale and the sun had dispersed the mists and was shedding a strong and clear light in the forest when the travelers resumed their journey,The views are such a great story and the sun helps us first for me and we're shitting a strong and clear light in the forest and the tap is the view of the sun.,0.7,0.42424242424242425,9.52,-0.7282700167761909,241.52366700582206,0.025370133088846857
1320-122612-0001,white,0,wiener,wiener,the dews were suffered to exhale and the sun had dispersed the mists and was shedding a strong and clear light in the forest when the travelers resumed their journey,"But you, the topic right now, and it's fun and it's perfect for me, and it's sharing a strong, clear life in the world, and the path that you and me were done.",0.9,0.5575757575757576,9.52,-0.8332697812547075,266.2765419954667,0.027970224999523813
1320-122612-0001,white,0,spectral_sub,spectral_subtraction,the dews were suffered to exhale and the sun had dispersed the mists and was shedding a strong and clear light in the forest when the travelers resumed their journey,"The views of separate threats are in the sun and hope is first for miss, and we're shedding a strong and clear life in the forest when the tapers and the views are dimmed.",0.6666666666666666,0.4303030303030303,9.52,-0.887852688630422,228.23920799419284,0.023974706722079082
1320-122612-0001,white,0,adaptive,wiener,the dews were suffered to exhale and the sun had dispersed the mists and was shedding a strong and clear light in the forest when the travelers resumed their journey,"But you, the topic right now, and it's fun and it's perfect for me, and it's sharing a strong, clear life in the world, and the path that you and me were done.",0.9,0.5575757575757576,9.52,-0.8332697812547075,267.0280830061529,0.028049168382999253
1320-122612-0001,white,5,raw,none,the dews were suffered to exhale and the sun had dispersed the mists and was shedding a strong and clear light in the forest when the travelers resumed their journey,The views were suffered for exhale and the sun had dispersed the mist and was shedding a strong and clear light in the forest when the cabways were zooming for a journey.,0.3,0.16363636363636364,9.52,-0.5354254612555871,222.94820800016169,0.02341892941178169
1320-122612-0001,white,5,wiener,wiener,the dews were suffered to exhale and the sun had dispersed the mists and was shedding a strong and clear light in the forest when the travelers resumed their journey,The views that separate rectangle and the sun have expertened me When the shedding is strong and clear light in the forest When the pad lays the wind again,0.5666666666666667,0.3939393939393939,9.52,-0.9069211547439163,219.84112499922048,0.023092555146976942
1320-122612-0001,white,5,spectral_sub,spectral_subtraction,the dews were suffered to exhale and the sun had dispersed the mists and was shedding a strong and clear light in the forest when the travelers resumed their journey,"The views were separate to exhale and the sun helped us first the mist, and we're shedding a strong and clear light in the forest when the cablars were glued to their journey.",0.4,0.24242424242424243,9.52,-0.6102916839576903,242.90612500044517,0.025515349264752647
1320-122612-0001,white,5,adaptive,wiener,the dews were suffered to exhale and the sun had dispersed the mists and was shedding a strong and clear light in the forest when the travelers resumed their journey,The views that separate rectangle and the sun have expertened me When the shedding is strong and clear light in the forest When the pad lays the wind again,0.5666666666666667,0.3939393939393939,9.52,-0.9069211547439163,218.62691699061543,0.022965012288930192
1320-122612-0001,white,10,raw,none,the dews were suffered to exhale and the sun had dispersed the mists and was shedding a strong and clear light in the forest when the travelers resumed their journey,The Jews were suffered through exhale and the sun had dispersed the mist and was shedding a strong and clear light in the forest when the travelers resumed their journey.,0.13333333333333333,0.048484848484848485,9.52,-0.27944137709481376,234.87541600479744,0.024671787395461917
1320-122612-0001,white,10,wiener,wiener,the dews were suffered to exhale and the sun had dispersed the mists and was shedding a strong and clear light in the forest when the travelers resumed their journey,"The views were separate to exhale, and the sun had expert the mist, and the shedding is strong and clear light in the forest when the paddling was ying their journey.",0.36666666666666664,0.22424242424242424,9.52,-0.712243187995184,241.31350000970997,0.02534805672370903
1320-122612-0001,white,10,spectral_sub,spectral_subtraction,the dews were suffered to exhale and the sun had dispersed the mists and was shedding a strong and clear light in the forest when the travelers resumed their journey,The Jews were suffered through exhale and the sun had dispersed the mist and was shedding a strong and clear light in the forest when the travelers resumed their journey.,0.13333333333333333,0.048484848484848485,9.52,-0.2707478199686323,220.13783299189527,0.023123721952930176
1320-122612-0001,white,10,adaptive,wiener,the dews were suffered to exhale and the sun had dispersed the mists and was shedding a strong and clear light in the forest when the travelers resumed their journey,"The views were separate to exhale, and the sun had expert the mist, and the shedding is strong and clear light in the forest when the paddling was ying their journey.",0.36666666666666664,0.22424242424242424,9.52,-0.712243187995184,238.80779200408142,0.025084852101269057
1320-122612-0001,white,15,raw,none,the dews were suffered to exhale and the sun had dispersed the mists and was shedding a strong and clear light in the forest when the travelers resumed their journey,The dews were suffered to exhale and the sun had dispersed the mists and was shedding a strong and clear light in the forest when the travelers resumed their journey.,0.03333333333333333,0.006060606060606061,9.52,-0.25472529729207355,221.5848339983495,0.023275717856969486
1320-122612-0001,white,15,wiener,wiener,the dews were suffered to exhale and the sun had dispersed the mists and was shedding a strong and clear light in the forest when the travelers resumed their journey,"The views were suffered to exhale, and the sun had dispersed the mist, and was shedding its strong and clear light in the forest, when the toddlers were hinged their journey.",0.3,0.12121212121212122,9.52,-0.42780606990510767,247.25408299127594,0.025972067541100416
1320-122612-0001,white,15,spectral_sub,spectral_subtraction,the dews were suffered to exhale and the sun had dispersed the mists and was shedding a strong and clear light in the forest when the travelers resumed their journey,"The Jews were suffered to exhale, and the sun had dispersed the mists, and was shedding a strong and clear light in the forest when the travelers resumed their journey.",0.13333333333333333,0.024242424242424242,9.52,-0.23774729825948415,223.90895799617283,0.023519848529009752
1320-122612-0001,white,15,adaptive,wiener,the dews were suffered to exhale and the sun had dispersed the mists and was shedding a strong and clear light in the forest when the travelers resumed their journey,"The views were suffered to exhale, and the sun had dispersed the mist, and was shedding its strong and clear light in the forest, when the toddlers were hinged their journey.",0.3,0.12121212121212122,9.52,-0.42780606990510767,239.10162500396837,0.025115716912181552
1320-122612-0001,white,20,raw,none,the dews were suffered to exhale and the sun had dispersed the mists and was shedding a strong and clear light in the forest when the travelers resumed their journey,"The dues were suffered to exhale, and the sun had dispersed the mists, and was shedding a strong and clear light in the forest when the travelers resumed their journey.",0.13333333333333333,0.030303030303030304,9.52,-0.23721497233321026,228.21149999799673,0.02397179621827697
1320-122612-0001,white,20,wiener,wiener,the dews were suffered to exhale and the sun had dispersed the mists and was shedding a strong and clear light in the forest when the travelers resumed their journey,"The Jews were suffered to exhale, and the sun had dispersed the mist, and was shedding it strong and clear light in the forest when the travelers resumed their journey.",0.16666666666666666,0.03636363636363636,9.52,-0.29863282503225863,222.02762500091922,0.02332222951690328
1320-122612-0001,white,20,spectral_sub,spectral_subtraction,the dews were suffered to exhale and the sun had dispersed the mists and was shedding a strong and clear light in the forest when the travelers resumed their journey,"The dews were suffered to exhale, and the sun had dispersed the mists, and was shedding a strong and clear light in the forest when the travelers resumed their journey.",0.1,0.01818181818181818,9.52,-0.2795721554174656,244.62008400587365,0.025695386975406898
1320-122612-0001,white,20,adaptive,wiener,the dews were suffered to exhale and the sun had dispersed the mists and was shedding a strong and clear light in the forest when the travelers resumed their journey,"The Jews were suffered to exhale, and the sun had dispersed the mist, and was shedding it strong and clear light in the forest when the travelers resumed their journey.",0.16666666666666666,0.03636363636363636,9.52,-0.29863282503225863,223.02079199289437,0.02342655378076622
1320-122612-0001,pink,-5,raw,none,the dews were suffered to exhale and the sun had dispersed the mists and was shedding a strong and clear light in the forest when the travelers resumed their journey,"The dues were suffered to exhale, and the sun had dispersed the mists, and was shedding a strong and clear light in the forest when the travelers resumed their journey.",0.13333333333333333,0.030303030303030304,9.52,-0.31709223258786084,280.07149999029934,0.02941927520906506
1320-122612-0001,pink,-5,wiener,wiener,the dews were suffered to exhale and the sun had dispersed the mists and was shedding a strong and clear light in the forest when the travelers resumed their journey,The Jews were suffered to exhale and the sun had dispersed the mist and was shedding its strong and clear light in the forest when the travelers resumed their journey.,0.13333333333333333,0.03636363636363636,9.52,-0.3684424387442099,223.71649999695364,0.02349963235262118
1320-122612-0001,pink,-5,spectral_sub,spectral_subtraction,the dews were suffered to exhale and the sun had dispersed the mists and was shedding a strong and clear light in the forest when the travelers resumed their journey,"The dews were suffered to exhale, and the sun had dispersed the mists, and was shedding a strong and clear light in the forest when the travelers resumed their journey.",0.1,0.01818181818181818,9.52,-0.27062849300663644,228.15841701230966,0.023966220274402275
1320-122612-0001,pink,-5,adaptive,wiener,the dews were suffered to exhale and the sun had dispersed the mists and was shedding a strong and clear light in the forest when the travelers resumed their journey,The Jews were suffered to exhale and the sun had dispersed the mist and was shedding its strong and clear light in the forest when the travelers resumed their journey.,0.13333333333333333,0.03636363636363636,9.52,-0.3684424387442099,234.36000000219792,0.024617647059054403
1320-122612-0001,pink,0,raw,none,the dews were suffered to exhale and the sun had dispersed the mists and was shedding a strong and clear light in the forest when the travelers resumed their journey,"The dues were suffered to exhale, and the sun had dispersed the mists, and was shedding a strong and clear light in the forest when the travelers resumed their journey.",0.13333333333333333,0.030303030303030304,9.52,-0.29506410040506503,223.116499997559,0.02343660714260074
1320-122612-0001,pink,0,wiener,wiener,the dews were suffered to exhale and the sun had dispersed the mists and was shedding a strong and clear light in the forest when the travelers resumed their journey,The Jews were suffered to exhale and the sun had dispersed the mist and was shedding it strong and clear light in the forest when the travelers resumed their journey.,0.13333333333333333,0.030303030303030304,9.52,-0.31089797857645396,218.6418329947628,0.02296657909608853
1320-122612-0001,pink,0,spectral_sub,spectral_subtraction,the dews were suffered to exhale and the sun had dispersed the mists and was shedding a strong and clear light in the forest when the travelers resumed their journey,"The dews were suffered to exhale, and the sun had dispersed the mists, and was shedding a strong and clear light in the forest when the travelers resumed their journey.",0.1,0.01818181818181818,9.52,-0.25231041559358924,238.44445799477398,0.02504668676415693
1320-122612-0001,pink,0,adaptive,none,the dews were suffered to exhale and the sun had dispersed the mists and was shedding a strong and clear light in the forest when the travelers resumed their journey,"The dues were suffered to exhale, and the sun had dispersed the mists, and was shedding a strong and clear light in the forest when the travelers resumed their journey.",0.13333333333333333,0.030303030303030304,9.52,-0.29506410040506503,227.33508299279492,0.023879735608486864
1320-122612-0001,pink,5,raw,none,the dews were suffered to exhale and the sun had dispersed the mists and was shedding a strong and clear light in the forest when the travelers resumed their journey,"The dues were suffered to exhale, and the sun had dispersed the mists, and was shedding a strong and clear light in the forest when the travelers resumed their journey.",0.13333333333333333,0.030303030303030304,9.52,-0.2937694002942341,246.80162500590086,0.02592454044179631
1320-122612-0001,pink,5,wiener,wiener,the dews were suffered to exhale and the sun had dispersed the mists and was shedding a strong and clear light in the forest when the travelers resumed their journey,The Jews were suffered to exhale and the sun had dispersed the mist and was shedding it strong and clear light in the forest when the travelers resumed their journey.,0.13333333333333333,0.030303030303030304,9.52,-0.29458721908363134,224.03183300048113,0.02353275556727743
1320-122612-0001,pink,5,spectral_sub,spectral_subtraction,the dews were suffered to exhale and the sun had dispersed the mists and was shedding a strong and clear light in the forest when the travelers resumed their journey,"The dews were suffered to exhale, and the sun had dispersed the mists, and was shedding a strong and clear light in the forest when the travelers resumed their journey.",0.1,0.01818181818181818,9.52,-0.2853349069269692,255.85920800222084,0.02687596722712404
1320-122612-0001,pink,5,adaptive,none,the dews were suffered to exhale and the sun had dispersed the mists and was shedding a strong and clear light in the forest when the travelers resumed their journey,"The dues were suffered to exhale, and the sun had dispersed the mists, and was shedding a strong and clear light in the forest when the travelers resumed their journey.",0.13333333333333333,0.030303030303030304,9.52,-0.2937694002942341,231.83620799682103,0.024352542856808934
1320-122612-0001,pink,10,raw,none,the dews were suffered to exhale and the sun had dispersed the mists and was shedding a strong and clear light in the forest when the travelers resumed their journey,"The dews were suffered to exhale, and the sun had dispersed the mists, and was shedding a strong and clear light in the forest when the travelers resumed their journey.",0.1,0.01818181818181818,9.52,-0.2811745317970834,226.38904199993704,0.023780361554615236
1320-122612-0001,pink,10,wiener,wiener,the dews were suffered to exhale and the sun had dispersed the mists and was shedding a strong and clear light in the forest when the travelers resumed their journey,The Jews were suffered to exhale and the sun had dispersed the mist and was shedding it strong and clear light in the forest when the travelers resumed their journey.,0.13333333333333333,0.030303030303030304,9.52,-0.289410468694326,221.0633329959819,0.023220938339914066
1320-122612-0001,pink,10,spectral_sub,spectral_subtraction,the dews were suffered to exhale and the sun had dispersed the mists and was shedding a strong and clear light in the forest when the travelers resumed their journey,"The dues were suffered to exhale, and the sun had dispersed the mists, and was shedding a strong and clear light in the forest when the travelers resumed their journey.",0.13333333333333333,0.030303030303030304,9.52,-0.2577122495724605,234.91662500600796,0.02467611607205966
1320-122612-0001,pink,10,adaptive,none,the dews were suffered to exhale and the sun had dispersed the mists and was shedding a strong and clear light in the forest when the travelers resumed their journey,"The dews were suffered to exhale, and the sun had dispersed the mists, and was shedding a strong and clear light in the forest when the travelers resumed their journey.",0.1,0.01818181818181818,9.52,-0.2811745317970834,239.20712499239016,0.025126798843738463
1320-122612-0001,pink,15,raw,none,the dews were suffered to exhale and the sun had dispersed the mists and was shedding a strong and clear light in the forest when the travelers resumed their journey,"The dews were suffered to exhale, and the sun had dispersed the mists, and was shedding a strong and clear light in the forest when the travelers resumed their journey.",0.1,0.01818181818181818,9.52,-0.2827290209328256,304.96270798903424,0.0320338978980078
1320-122612-0001,pink,15,wiener,wiener,the dews were suffered to exhale and the sun had dispersed the mists and was shedding a strong and clear light in the forest when the travelers resumed their journey,The Jews were suffered to exhale and the sun had dispersed the mist and was shedding it strong and clear light in the forest when the travelers resumed their journey.,0.13333333333333333,0.030303030303030304,9.52,-0.2923709605191205,220.86833299545106,0.023200455146580996
1320-122612-0001,pink,15,spectral_sub,spectral_subtraction,the dews were suffered to exhale and the sun had dispersed the mists and was shedding a strong and clear light in the forest when the travelers resumed their journey,"The dues were suffered to exhale, and the sun had dispersed the mists, and was shedding a strong and clear light in the forest when the travelers resumed their journey.",0.13333333333333333,0.030303030303030304,9.52,-0.2540636047338828,218.2330420037033,0.022923638865935222
1320-122612-0001,pink,15,adaptive,none,the dews were suffered to exhale and the sun had dispersed the mists and was shedding a strong and clear light in the forest when the travelers resumed their journey,"The dews were suffered to exhale, and the sun had dispersed the mists, and was shedding a strong and clear light in the forest when the travelers resumed their journey.",0.1,0.01818181818181818,9.52,-0.2827290209328256,238.30191700835712,0.025031713971466085
1320-122612-0001,pink,20,raw,none,the dews were suffered to exhale and the sun had dispersed the mists and was shedding a strong and clear light in the forest when the travelers resumed their journey,"The dues were suffered to exhale, and the sun had dispersed the mists, and was shedding a strong and clear light in the forest when the travelers resumed their journey.",0.13333333333333333,0.030303030303030304,9.52,-0.25243944235337085,220.11054099129979,0.023120855146144936
1320-122612-0001,pink,20,wiener,wiener,the dews were suffered to exhale and the sun had dispersed the mists and was shedding a strong and clear light in the forest when the travelers resumed their journey,"The Jews were suffered to exhale, and the sun had dispersed the mist, and was shedding its strong and clear light in the forest when the travelers resumed their journey.",0.16666666666666666,0.04242424242424243,9.52,-0.2900332609812419,242.53083299845457,0.02547592783597212
1320-122612-0001,pink,20,spectral_sub,spectral_subtraction,the dews were suffered to exhale and the sun had dispersed the mists and was shedding a strong and clear light in the forest when the travelers resumed their journey,"The dues were suffered to exhale, and the sun had dispersed the mists, and was shedding a strong and clear light in the forest when the travelers resumed their journey.",0.13333333333333333,0.030303030303030304,9.52,-0.2839130890078661,228.4593340009451,0.02399782920177995
1320-122612-0001,pink,20,adaptive,none,the dews were suffered to exhale and the sun had dispersed the mists and was shedding a strong and clear light in the forest when the travelers resumed their journey,"The dues were suffered to exhale, and the sun had dispersed the mists, and was shedding a strong and clear light in the forest when the travelers resumed their journey.",0.13333333333333333,0.030303030303030304,9.52,-0.25243944235337085,225.18195801239926,0.023653567018109167
1320-122612-0001,babble,-5,raw,none,the dews were suffered to exhale and the sun had dispersed the mists and was shedding a strong and clear light in the forest when the travelers resumed their journey,"If you have a cup of beer for us, then the sun has been facing us and the sun has thrown us into a light of the forest and the sun has reached me in this place.",1.0,0.6181818181818182,9.52,-0.9965511285341703,577.8738339868141,0.06070103298180821
1320-122612-0001,babble,-5,wiener,wiener,the dews were suffered to exhale and the sun had dispersed the mists and was shedding a strong and clear light in the forest when the travelers resumed their journey,"If you will stop it here today, can you stop your estate from your bank? Can you stop your bank? Do you know a lie from the court? Can you stop your estate from your bank?",1.1666666666666667,0.7696969696969697,9.52,-1.183703260421753,3181.475582998246,0.3341886116594796
1320-122612-0001,babble,-5,spectral_sub,spectral_subtraction,the dews were suffered to exhale and the sun had dispersed the mists and was shedding a strong and clear light in the forest when the travelers resumed their journey,You do the perfect way to understand what the space is in it. I'm just setting a strong view of life in the forest from the perfect way to see the game.,0.8333333333333334,0.5878787878787879,9.52,-0.9613228042920431,531.3521249918267,0.05581429884367928
1320-122612-0001,babble,-5,adaptive,wiener,the dews were suffered to exhale and the sun had dispersed the mists and was shedding a strong and clear light in the forest when the travelers resumed their journey,"If you have accepted your career, can you sign me with respect to me? Can you sign me with respect to me? Can you sign me with respect to me, when you follow me? Can you sign me with respect to me?",1.3666666666666667,0.8424242424242424,9.52,-1.036883872851991,2779.782208002871,0.2919939294120663
1320-122612-0001,babble,0,raw,none,the dews were suffered to exhale and the sun had dispersed the mists and was shedding a strong and clear light in the forest when the travelers resumed their journey,"The views of the separate threats are, and the sun has dispersed in this, and the shedding of strong and clear light in the forest, and the tapers, which means they're done.",0.6,0.3696969696969697,9.52,-0.9078929339136396,239.2672089918051,0.025133110188214822
1320-122612-0001,babble,0,wiener,wiener,the dews were suffered to exhale and the sun had dispersed the mists and was shedding a strong and clear light in the forest when the travelers resumed their journey,that you must have a clear colour and the sun has expert in it and the sun is strong and clear like in the forest in the pathway of your dream again.,0.7,0.49696969696969695,9.52,-0.8879684373736382,520.1884170091944,0.05464164044214227
1320-122612-0001,babble,0,spectral_sub,spectral_subtraction,the dews were suffered to exhale and the sun had dispersed the mists and was shedding a strong and clear light in the forest when the travelers resumed their journey,"The views of separate works are all, and the sun has dispersed in this, and the shedding of strong and clear light in the forest, when the couple is reduced their journey.",0.5333333333333333,0.28484848484848485,9.52,-0.8893388073618819,240.43116701068357,0.025255374685996174
1320-122612-0001,babble,0,adaptive,wiener,the dews were suffered to exhale and the sun had dispersed the mists and was shedding a strong and clear light in the forest when the travelers resumed their journey,that you must separately explore when the sun is expert in it when the sun is strong and clear like in the forest when the pathway is in the game.,0.7,0.4909090909090909,9.52,-0.8465586394071579,569.7237499989569,0.059844931722579514
1320-122612-0001,babble,5,raw,none,the dews were suffered to exhale and the sun had dispersed the mists and was shedding a strong and clear light in the forest when the travelers resumed their journey,The views were suffered through exhale and the sun had dispersed the mist and was shedding a strong and clear light in the forest when the travelers resumed their journey.,0.13333333333333333,0.05454545454545454,9.52,-0.3440787604876927,231.82324999652337,0.024351181722323884
1320-122612-0001,babble,5,wiener,wiener,the dews were suffered to exhale and the sun had dispersed the mists and was shedding a strong and clear light in the forest when the travelers resumed their journey,"The dune would suffer to a tale, and the sun would spur to the minute, and the shedding is strong and fear light in the forest, and the paddling would mean they're young.",0.6333333333333333,0.36363636363636365,9.52,-0.6426819059583876,232.2665829997277,0.024397750315097447
1320-122612-0001,babble,5,spectral_sub,spectral_subtraction,the dews were suffered to exhale and the sun had dispersed the mists and was shedding a strong and clear light in the forest when the travelers resumed their journey,The Jews were suffered to exhale and the son had dispersed the myths and were shedding a strong and clear light in the forest when the travelers resumed their journey.,0.16666666666666666,0.05454545454545454,9.52,-0.36164519616535734,231.22833301022183,0.024288690442250193
1320-122612-0001,babble,5,adaptive,wiener,the dews were suffered to exhale and the sun had dispersed the mists and was shedding a strong and clear light in the forest when the travelers resumed their journey,"The dune would suffer to a tale, and the sun would spur to the minute, and the shedding is strong and fear light in the forest, and the paddling would mean they're young.",0.6333333333333333,0.36363636363636365,9.52,-0.6426819059583876,249.65449998853728,0.026224212183669885
1320-122612-0001,babble,10,raw,none,the dews were suffered to exhale and the sun had dispersed the mists and was shedding a strong and clear light in the forest when the travelers resumed their journey,The Jews were suffered to exhale and the sun had dispersed the mist and was shedding a strong and clear light in the forest when the travelers resumed their journey.,0.1,0.01818181818181818,9.52,-0.271309871332986,215.0094169919612,0.022585022793273235
1320-122612-0001,babble,10,wiener,wiener,the dews were suffered to exhale and the sun had dispersed the mists and was shedding a strong and clear light in the forest when the travelers resumed their journey,"The dunes were suffered to exhale, and the sun had dispersed the mist, and the shedding is strong and clear, light in the forest, and the paddling was in their journey.",0.4,0.18181818181818182,9.52,-0.564359724521637,245.24245799693745,0.02576076239463629
1320-122612-0001,babble,10,spectral_sub,spectral_subtraction,the dews were suffered to exhale and the sun had dispersed the mists and was shedding a strong and clear light in the forest when the travelers resumed their journey,The Jews were suffered to exhale and the sun had dispersed the mists and was shedding a strong and clear light in the forest when the travelers resumed their journey.,0.06666666666666667,0.012121212121212121,9.52,-0.2931637896431817,228.14504099369515,0.023964815230430165
1320-122612-0001,babble,10,adaptive,wiener,the dews were suffered to exhale and the sun had dispersed the mists and was shedding a strong and clear light in the forest when the travelers resumed their journey,"The dunes were suffered to exhale, and the sun had dispersed the mist, and the shedding is strong and clear, light in the forest, and the paddling was in their journey.",0.4,0.18181818181818182,9.52,-0.564359724521637,250.80754200462252,0.026345330042502366
1320-122612-0001,babble,15,raw,none,the dews were suffered to exhale and the sun had dispersed the mists and was shedding a strong and clear light in the forest when the travelers resumed their journey,The dews were suffered to exhale and the sun had dispersed the mists and was shedding a strong and clear light in the forest when the travelers resumed their journey.,0.03333333333333333,0.006060606060606061,9.52,-0.2531203581736638,233.76679200737271,0.024555335294892094
1320-122612-0001,babble,15,wiener,wiener,the dews were suffered to exhale and the sun had dispersed the mists and was shedding a strong and clear light in the forest when the travelers resumed their journey,"The Jews were suffered to exhale, and the sun had dispersed the mist, and the shedding is strong and clear light in the forest, when the travelers resumed their journey.",0.23333333333333334,0.06060606060606061,9.52,-0.415182338654995,229.12320798786823,0.024067563864271873
1320-122612-0001,babble,15,spectral_sub,spectral_subtraction,the dews were suffered to exhale and the sun had dispersed the mists and was shedding a strong and clear light in the forest when the travelers resumed their journey,The dews were suffered to exhale and the sun had dispersed the mists and was shedding a strong and clear light in the forest when the travelers resumed their journey.,0.03333333333333333,0.006060606060606061,9.52,-0.23583134283890594,240.1882080012001,0.025229853781638667
1320-122612-0001,babble,15,adaptive,wiener,the dews were suffered to exhale and the sun had dispersed the mists and was shedding a strong and clear light in the forest when the travelers resumed their journey,"The Jews were suffered to exhale, and the sun had dispersed the mist, and the shedding is strong and clear light in the forest, when the travelers resumed their journey.",0.23333333333333334,0.06060606060606061,9.52,-0.415182338654995,230.1396249968093,0.0241743303568077
1320-122612-0001,babble,20,raw,none,the dews were suffered to exhale and the sun had dispersed the mists and was shedding a strong and clear light in the forest when the travelers resumed their journey,"The dews were suffered to exhale, and the sun had dispersed the mists, and was shedding a strong and clear light in the forest when the travelers resumed their journey.",0.1,0.01818181818181818,9.52,-0.2513974468882491,257.88641699182335,0.027088909347880604
1320-122612-0001,babble,20,wiener,wiener,the dews were suffered to exhale and the sun had dispersed the mists and was shedding a strong and clear light in the forest when the travelers resumed their journey,"The Jews were suffered to exhale and the sun had dispersed the mist, and was shedding its strong and clear light in the forest when the travelers resumed their journey.",0.13333333333333333,0.03636363636363636,9.52,-0.29230840112033646,225.25012500409503,0.023660727416396538
1320-122612-0001,babble,20,spectral_sub,spectral_subtraction,the dews were suffered to exhale and the sun had dispersed the mists and was shedding a strong and clear light in the forest when the travelers resumed their journey,"The dews were suffered to exhale, and the sun had dispersed the mists, and was shedding a strong and clear light in the forest when the travelers resumed their journey.",0.1,0.01818181818181818,9.52,-0.28052934786168543,228.96358399884775,0.02405079663853443
1320-122612-0001,babble,20,adaptive,wiener,the dews were suffered to exhale and the sun had dispersed the mists and was shedding a strong and clear light in the forest when the travelers resumed their journey,"The Jews were suffered to exhale and the sun had dispersed the mist, and was shedding its strong and clear light in the forest when the travelers resumed their journey.",0.13333333333333333,0.03636363636363636,9.52,-0.29230840112033646,235.36887500085868,0.02472362132361961
1320-122612-0001,soundtrack,-5,raw,none,the dews were suffered to exhale and the sun had dispersed the mists and was shedding a strong and clear light in the forest when the travelers resumed their journey,"The dew is where separate to exhale, and the sun had dispersed the mists, and was shedding a strong and clear light in the forest when the trampos resumed their journey.",0.26666666666666666,0.10909090909090909,9.52,-0.4987889297983863,229.9537499930011,0.024154805671533733
1320-122612-0001,soundtrack,-5,wiener,wiener,the dews were suffered to exhale and the sun had dispersed the mists and was shedding a strong and clear light in the forest when the travelers resumed their journey,"The duty of the 7th corrects later, and the sun hits perfectly with its And the shedding is strong, and the wind is biting the bird. And the sun hits perfectly with its... And the shedding is strong, and the wind is biting the bird.",1.2,0.8303030303030303,9.52,-0.9367734943666766,801.6570409963606,0.0842076723735673
1320-122612-0001,soundtrack,-5,spectral_sub,spectral_subtraction,the dews were suffered to exhale and the sun had dispersed the mists and was shedding a strong and clear light in the forest when the travelers resumed their journey,"The Jews were separate to exhale, and the sun had dispersed the mists, and was shedding a strong and clear light in the forest, when the travelers resumed their journey.",0.2,0.07272727272727272,9.52,-0.3564174688139627,243.2003750000149,0.025546257878152828
1320-122612-0001,soundtrack,-5,adaptive,wiener,the dews were suffered to exhale and the sun had dispersed the mists and was shedding a strong and clear light in the forest when the travelers resumed their journey,The duty of the second threat is needed and the sun hits both the minutes and the shedding is strong. The need of acting to burn.,0.8,0.6060606060606061,9.52,-1.2008336385091145,2118.908750009723,0.2225744485304331
1320-122612-0001,soundtrack,0,raw,none,the dews were suffered to exhale and the sun had dispersed the mists and was shedding a strong and clear light in the forest when the travelers resumed their journey,"The dewers were suffered to exhale, and the sun had dispersed the mists, and was shedding a strong and clear light in the forest when the travelers resumed their journey.",0.13333333333333333,0.030303030303030304,9.52,-0.37214529514312744,226.47049999795854,0.023788918067012454
1320-122612-0001,soundtrack,0,wiener,wiener,the dews were suffered to exhale and the sun had dispersed the mists and was shedding a strong and clear light in the forest when the travelers resumed their journey,The Jews were separate to Exnatal and the sun had dispersed the mist and was shedding its strong and clear light in the forest from the backwards of the tomb of the journey.,0.43333333333333335,0.2545454545454545,9.52,-0.8866614248694443,225.36533400125336,0.02367282920181233
1320-122612-0001,soundtrack,0,spectral_sub,spectral_subtraction,the dews were suffered to exhale and the sun had dispersed the mists and was shedding a strong and clear light in the forest when the travelers resumed their journey,"The dews were separate to exhale, and the sun had dispersed the mists, and was shedding a strong and clear light in the forest when the tramplers resumed their journey.",0.16666666666666666,0.07272727272727272,9.52,-0.37651222112566923,246.6916669945931,0.02591299023052449
1320-122612-0001,soundtrack,0,adaptive,wiener,the dews were suffered to exhale and the sun had dispersed the mists and was shedding a strong and clear light in the forest when the travelers resumed their journey,The Jews were separate to Exnatal and the sun had dispersed the mist and was shedding its strong and clear light in the forest from the backwards of the tomb of the journey.,0.43333333333333335,0.2545454545454545,9.52,-0.8866614248694443,229.6292499959236,0.024120719537386932
1320-122612-0001,soundtrack,5,raw,none,the dews were suffered to exhale and the sun had dispersed the mists and was shedding a strong and clear light in the forest when the travelers resumed their journey,"The dews were suffered to exhale, and the sun had dispersed the mists, and was shedding a strong and clear light in the forest when the travelers resumed their journey.",0.1,0.01818181818181818,9.52,-0.3098220069233964,235.42154200549703,0.02472915357200599
1320-122612-0001,soundtrack,5,wiener,wiener,the dews were suffered to exhale and the sun had dispersed the mists and was shedding a strong and clear light in the forest when the travelers resumed their journey,"The Jews were separate to their tale, and the sun had dispersed the midst, and was shedding its strong and clear light in the forest, when the papal in the tomb was there, Johnny.",0.4666666666666667,0.2727272727272727,9.52,-0.6606707572937012,233.96729098749347,0.02457639611213167
1320-122612-0001,soundtrack,5,spectral_sub,spectral_subtraction,the dews were suffered to exhale and the sun had dispersed the mists and was shedding a strong and clear light in the forest when the travelers resumed their journey,"The dews were suffered to exhale, and the sun had dispersed the mists, and was shedding a strong and clear light in the forest when the tramblers resumed their journey.",0.13333333333333333,0.030303030303030304,9.52,-0.2969733121849242,227.77024999959394,0.023925446428528778
1320-122612-0001,soundtrack,5,adaptive,wiener,the dews were suffered to exhale and the sun had dispersed the mists and was shedding a strong and clear light in the forest when the travelers resumed their journey,"The Jews were separate to their tale, and the sun had dispersed the midst, and was shedding its strong and clear light in the forest, when the papal in the tomb was there, Johnny.",0.4666666666666667,0.2727272727272727,9.52,-0.6606707572937012,246.52704200707376,0.025895697689818673
1320-122612-0001,soundtrack,10,raw,none,the dews were suffered to exhale and the sun had dispersed the mists and was shedding a strong and clear light in the forest when the travelers resumed their journey,"The dews were suffered to exhale, and the sun had dispersed the mists, and was shedding a strong and clear light in the forest when the travelers resumed their journey.",0.1,0.01818181818181818,9.52,-0.3001738757621951,237.71862499415874,0.02497044380190743
1320-122612-0001,soundtrack,10,wiener,wiener,the dews were suffered to exhale and the sun had dispersed the mists and was shedding a strong and clear light in the forest when the travelers resumed their journey,The Jews were suffered to exhale and the sun had dispersed the mist and was shedding its strong and clear light in the forest when the travelers resumed their journey.,0.13333333333333333,0.03636363636363636,9.52,-0.3541228352366267,236.1512500065146,0.02480580357211288
1320-122612-0001,soundtrack,10,spectral_sub,spectral_subtraction,the dews were suffered to exhale and the sun had dispersed the mists and was shedding a strong and clear light in the forest when the travelers resumed their journey,"The dews were suffered to exhale, and the sun had dispersed the mists, and was shedding a strong and clear light in the forest when the travelers resumed their journey.",0.1,0.01818181818181818,9.52,-0.2613508701324463,242.38137500651646,0.025460228467071057
1320-122612-0001,soundtrack,10,adaptive,wiener,the dews were suffered to exhale and the sun had dispersed the mists and was shedding a strong and clear light in the forest when the travelers resumed their journey,The Jews were suffered to exhale and the sun had dispersed the mist and was shedding its strong and clear light in the forest when the travelers resumed their journey.,0.13333333333333333,0.03636363636363636,9.52,-0.3541228352366267,217.5498750002589,0.022851877626077616
1320-122612-0001,soundtrack,15,raw,none,the dews were suffered to exhale and the sun had dispersed the mists and was shedding a strong and clear light in the forest when the travelers resumed their journey,"The dews were suffered to exhale, and the sun had dispersed the mists, and was shedding a strong and clear light in the forest when the travelers resumed their journey.",0.1,0.01818181818181818,9.52,-0.2818861821802651,250.14825000835117,0.026276076681549493
1320-122612-0001,soundtrack,15,wiener,wiener,the dews were suffered to exhale and the sun had dispersed the mists and was shedding a strong and clear light in the forest when the travelers resumed their journey,"The Jews were suffered to exhale, and the sun had dispersed the mist, and was shedding its strong and clear light in the forest when the travelers resumed their journey.",0.16666666666666666,0.04242424242424243,9.52,-0.2863428302300282,221.00124999997206,0.02321441701680379
1320-122612-0001,soundtrack,15,spectral_sub,spectral_subtraction,the dews were suffered to exhale and the sun had dispersed the mists and was shedding a strong and clear light in the forest when the travelers resumed their journey,"The dews were suffered to exhale, and the sun had dispersed the mists, and was shedding a strong and clear light in the forest when the travelers resumed their journey.",0.1,0.01818181818181818,9.52,-0.2418341287752477,265.8205409970833,0.027922325734987742
1320-122612-0001,soundtrack,15,adaptive,wiener,the dews were suffered to exhale and the sun had dispersed the mists and was shedding a strong and clear light in the forest when the travelers resumed their journey,"The Jews were suffered to exhale, and the sun had dispersed the mist, and was shedding its strong and clear light in the forest when the travelers resumed their journey.",0.16666666666666666,0.04242424242424243,9.52,-0.2863428302300282,227.26595899439417,0.023872474684285102
1320-122612-0001,soundtrack,20,raw,none,the dews were suffered to exhale and the sun had dispersed the mists and was shedding a strong and clear light in the forest when the travelers resumed their journey,"The dews were suffered to exhale, and the sun had dispersed the mists, and was shedding a strong and clear light in the forest when the travelers resumed their journey.",0.1,0.01818181818181818,9.52,-0.2852069459310392,225.1373750041239,0.023648883929004612
1320-122612-0001,soundtrack,20,wiener,wiener,the dews were suffered to exhale and the sun had dispersed the mists and was shedding a strong and clear light in the forest when the travelers resumed their journey,"The Jews were suffered to exhale and the sun had dispersed the mist, and was shedding its strong and clear light in the forest when the travelers resumed their journey.",0.13333333333333333,0.03636363636363636,9.52,-0.3500504046678543,237.6940829999512,0.024967865861339412
1320-122612-0001,soundtrack,20,spectral_sub,spectral_subtraction,the dews were suffered to exhale and the sun had dispersed the mists and was shedding a strong and clear light in the forest when the travelers resumed their journey,"The dews were suffered to exhale, and the sun had dispersed the mists, and was shedding a strong and clear light in the forest when the travelers resumed their journey.",0.1,0.01818181818181818,9.52,-0.2407655919470438,235.56966599426232,0.024744712814523354
1320-122612-0001,soundtrack,20,adaptive,wiener,the dews were suffered to exhale and the sun had dispersed the mists and was shedding a strong and clear light in the forest when the travelers resumed their journey,"The Jews were suffered to exhale and the sun had dispersed the mist, and was shedding its strong and clear light in the forest when the travelers resumed their journey.",0.13333333333333333,0.03636363636363636,9.52,-0.3500504046678543,232.61204099981114,0.02443403792014823
1580-141083-0000,white,-5,raw,none,i will endeavour in my statement to avoid such terms as would serve to limit the events to any particular place or give a clue as to the people concerned,I will endeavor in my statement to avoid such trends in the future of two minutes you have been to make a good effect or give a clue as to what you think.,0.6,0.43790849673202614,8.94,-0.872497347685007,237.57020800258033,0.026573848769863573
1580-141083-0000,white,-5,wiener,wiener,i will endeavour in my statement to avoid such terms as would serve to limit the events to any particular place or give a clue as to the people concerned,"I will endeavor and let's think. Good boy, it's such a good trip to Namikil. Good boy, good boy, good boy, good boy. We're gonna play.",0.9,0.6797385620915033,8.94,-0.7677925936877728,767.9459170030896,0.08589999071622927
1580-141083-0000,white,-5,spectral_sub,spectral_subtraction,i will endeavour in my statement to avoid such terms as would serve to limit the events to any particular place or give a clue as to the people concerned,I will endeavor in my statement to avoid such trends as research to limit the event to make people a place. Or get a clue.,0.5333333333333333,0.3660130718954248,8.94,-0.6006869617849588,219.5276249985909,0.024555662751520237
1580-141083-0000,white,-5,adaptive,wiener,i will endeavour in my statement to avoid such terms as would serve to limit the events to any particular place or give a clue as to the people concerned,"I will endeavor in my faith, the void such that the church and the reveal of that, the good, the good, the good, the good, the good, the good.",0.8,0.6143790849673203,8.94,-0.8759019133590517,506.3250419916585,0.056635910737321986
1580-141083-0000,white,0,raw,none,i will endeavour in my statement to avoid such terms as would serve to limit the events to any particular place or give a clue as to the people concerned,I will endeavor in my statement to avoid such terms as we serve to limit the events to any particular place or give a clue as to the people of the term.,0.16666666666666666,0.09803921568627451,8.94,-0.2823230286962108,235.32737499044742,0.02632297259400978
1580-141083-0000,white,0,wiener,wiener,i will endeavour in my statement to avoid such terms as would serve to limit the events to any particular place or give a clue as to the people concerned,I will endeavor in my faith to avoid such terms with your ability to prevent and articulate or get a clue of your people in the future.,0.6333333333333333,0.42483660130718953,8.94,-0.8620456926750414,225.31333299411926,0.025202833668246005
1580-141083-0000,white,0,spectral_sub,spectral_subtraction,i will endeavour in my statement to avoid such terms as would serve to limit the events to any particular place or give a clue as to the people concerned,I will endeavor in my statement to avoid such terms as with serve to limit the events to any particular place or give a clue as to the people of the serve.,0.16666666666666666,0.09803921568627451,8.94,-0.3450153666107278,234.2029999999795,0.026197203579416056
1580-141083-0000,white,0,adaptive,wiener,i will endeavour in my statement to avoid such terms as would serve to limit the events to any particular place or give a clue as to the people concerned,I will endeavor in my faith to avoid such terms with your ability to prevent and articulate or get a clue of your people in the future.,0.6333333333333333,0.42483660130718953,8.94,-0.8620456926750414,215.0159999873722,0.02405100670999689
1580-141083-0000,white,5,raw,none,i will endeavour in my statement to avoid such terms as would serve to limit the events to any particular place or give a clue as to the people concerned,I will endeavor in my statement to avoid such terms as would serve to limit the events to any particular place or give a clue as to the people concerned.,0.06666666666666667,0.013071895424836602,8.94,-0.21998430043458939,227.15858300216496,0.02540923747227796
1580-141083-0000,white,5,wiener,wiener,i will endeavour in my statement to avoid such terms as would serve to limit the events to any particular place or give a clue as to the people concerned,I will endeavor in my statement to avoid such terms as with her to limit the event to any particular place or give a clue as to the people concerned.,0.16666666666666666,0.06535947712418301,8.94,-0.34986705001857543,213.72445799352136,0.02390653892544982
1580-141083-0000,white,5,spectral_sub,spectral_subtraction,i will endeavour in my statement to avoid such terms as would serve to limit the events to any particular place or give a clue as to the people concerned,I will endeavor in my statement to avoid such terms as would serve to limit the events to any particular place or give a clue as to the people concerned.,0.06666666666666667,0.013071895424836602,8.94,-0.2316888380381796,217.57024999533314,0.02433671700171512
1580-141083-0000,white,5,adaptive,wiener,i will endeavour in my statement to avoid such terms as would serve to limit the events to any particular place or give a clue as to the people concerned,I will endeavor in my statement to avoid such terms as with her to limit the event to any particular place or give a clue as to the people concerned.,0.16666666666666666,0.06535947712418301,8.94,-0.34986705001857543,227.37541700189468,0.025433491834663834
1580-141083-0000,white,10,raw,none,i will endeavour in my statement to avoid such terms as would serve to limit the events to any particular place or give a clue as to the people concerned,I will endeavor in my statement to avoid such terms as would serve to limit the events to any particular place or give a clue as to the people concerned.,0.06666666666666667,0.013071895424836602,8.94,-0.21975710286813624,218.4313750040019,0.0244330397096199
1580-141083-0000,white,10,wiener,wiener,i will endeavour in my statement to avoid such terms as would serve to limit the events to any particular place or give a clue as to the people concerned,I will endeavor in my statement to avoid such terms as with her to limit the events to any particular place or give a clue as to the people concerned.,0.13333333333333333,0.058823529411764705,8.94,-0.28271207476363464,265.9871670039138,0.029752479530639128
1580-141083-0000,white,10,spectral_sub,spectral_subtraction,i will endeavour in my statement to avoid such terms as would serve to limit the events to any particular place or give a clue as to the people concerned,I will endeavor in my statement to avoid such terms as would serve to limit the events to any particular place or give a clue as to the people concerned.,0.06666666666666667,0.013071895424836602,8.94,-0.20364234640317805,215.4989170085173,0.02410502427388337
1580-141083-0000,white,10,adaptive,wiener,i will endeavour in my statement to avoid such terms as would serve to limit the events to any particular place or give a clue as to the people concerned,I will endeavor in my statement to avoid such terms as with her to limit the events to any particular place or give a clue as to the people concerned.,0.13333333333333333,0.058823529411764705,8.94,-0.28271207476363464,240.75737500970718,0.026930355146499687
1580-141083-0000,white,15,raw,none,i will endeavour in my statement to avoid such terms as would serve to limit the events to any particular place or give a clue as to the people concerned,I will endeavor in my statement to avoid such terms as would serve to limit the events to any particular place or give a clue as to the people concerned.,0.06666666666666667,0.013071895424836602,8.94,-0.1929121534614002,210.02112499263603,0.02349229586047383
1580-141083-0000,white,15,wiener,wiener,i will endeavour in my statement to avoid such terms as would serve to limit the events to any particular place or give a clue as to the people concerned,I will endeavor in my statement to avoid such terms as with serve to limit the events to any particular place or give a clue as to the people concerned.,0.1,0.0392156862745098,8.94,-0.2698698946658303,222.1522920008283,0.024849249664522184
1580-141083-0000,white,15,spectral_sub,spectral_subtraction,i will endeavour in my statement to avoid such terms as would serve to limit the events to any particular place or give a clue as to the people concerned,I will endeavor in my statement to avoid such terms as would serve to limit the events to any particular place or give a clue as to the people concerned.,0.06666666666666667,0.013071895424836602,8.94,-0.21207077012342565,227.1279999986291,0.0254058165546565
1580-141083-0000,white,15,adaptive,wiener,i will endeavour in my statement to avoid such terms as would serve to limit the events to any particular place or give a clue as to the people concerned,I will endeavor in my statement to avoid such terms as with serve to limit the events to any particular place or give a clue as to the people concerned.,0.1,0.0392156862745098,8.94,-0.2698698946658303,217.38745798938908,0.024316270468611755
1580-141083-0000,white,20,raw,none,i will endeavour in my statement to avoid such terms as would serve to limit the events to any particular place or give a clue as to the people concerned,I will endeavor in my statement to avoid such terms as would serve to limit the events to any particular place or give a clue as to the people concerned.,0.06666666666666667,0.013071895424836602,8.94,-0.19320423156023026,217.21391601022333,0.02429685861411894
1580-141083-0000,white,20,wiener,wiener,i will endeavour in my statement to avoid such terms as would serve to limit the events to any particular place or give a clue as to the people concerned,I will endeavor in my statement to avoid such terms as would serve to limit the events to any particular place or give a clue as to the people concerned.,0.06666666666666667,0.013071895424836602,8.94,-0.2132626136436182,231.20991700852755,0.025862406824220086
1580-141083-0000,white,20,spectral_sub,spectral_subtraction,i will endeavour in my statement to avoid such terms as would serve to limit the events to any particular place or give a clue as to the people concerned,I will endeavor in my statement to avoid such terms as would serve to limit the events to any particular place or give a clue as to the people concerned.,0.06666666666666667,0.013071895424836602,8.94,-0.2023197004900259,212.43716700701043,0.023762546645079468
1580-141083-0000,white,20,adaptive,wiener,i will endeavour in my statement to avoid such terms as would serve to limit the events to any particular place or give a clue as to the people concerned,I will endeavor in my statement to avoid such terms as would serve to limit the events to any particular place or give a clue as to the people concerned.,0.06666666666666667,0.013071895424836602,8.94,-0.2132626136436182,229.1707080003107,0.02563430738258509
1580-141083-0000,pink,-5,raw,none,i will endeavour in my statement to avoid such terms as would serve to limit the events to any particular place or give a clue as to the people concerned,I will endeavor in my statement to avoid such terms as would serve to limit the events to any particular place or give a clue as to the people concerned.,0.06666666666666667,0.013071895424836602,8.94,-0.20564281020094366,226.70562499843072,0.02535857102890724
1580-141083-0000,pink,-5,wiener,wiener,i will endeavour in my statement to avoid such terms as would serve to limit the events to any particular place or give a clue as to the people concerned,I will endeavor in my statement to avoid such terms as we serve to limit the events to any particular place or give a clue as to the people concerned.,0.1,0.0392156862745098,8.94,-0.25177380277050865,230.889708007453,0.025826589262578636
1580-141083-0000,pink,-5,spectral_sub,spectral_subtraction,i will endeavour in my statement to avoid such terms as would serve to limit the events to any particular place or give a clue as to the people concerned,I will endeavor in my statement to avoid such terms as would serve to limit the events to any particular place or give a clue as to the people concerned.,0.06666666666666667,0.013071895424836602,8.94,-0.1920873347450705,228.14558299432974,0.025519640155965296
1580-141083-0000,pink,-5,adaptive,none,i will endeavour in my statement to avoid such terms as would serve to limit the events to any particular place or give a clue as to the people concerned,I will endeavor in my statement to avoid such terms as would serve to limit the events to any particular place or give a clue as to the people concerned.,0.06666666666666667,0.013071895424836602,8.94,-0.20564281020094366,212.88212500803638,0.023812318233561117
1580-141083-0000,pink,0,raw,none,i will endeavour in my statement to avoid such terms as would serve to limit the events to any particular place or give a clue as to the people concerned,I will endeavor in my statement to avoid such terms as would serve to limit the events to any particular place or give a clue as to the people concerned.,0.06666666666666667,0.013071895424836602,8.94,-0.20263183861970901,226.65058300481178,0.025352414206354788
1580-141083-0000,pink,0,wiener,wiener,i will endeavour in my statement to avoid such terms as would serve to limit the events to any particular place or give a clue as to the people concerned,I will endeavor in my statement to avoid such terms as would serve to limit the events to any particular place or give a clue as to the people concerned.,0.06666666666666667,0.013071895424836602,8.94,-0.24962140454186332,226.98545799357817,0.025389872258789505
1580-141083-0000,pink,0,spectral_sub,spectral_subtraction,i will endeavour in my statement to avoid such terms as would serve to limit the events to any particular place or give a clue as to the people concerned,I will endeavor in my statement to avoid such terms as would serve to limit the events to any particular place or give a clue as to the people concerned.,0.06666666666666667,0.013071895424836602,8.94,-0.18923228759975994,222.44095799396746,0.024881538925499717
1580-141083-0000,pink,0,adaptive,none,i will endeavour in my statement to avoid such terms as would serve to limit the events to any particular place or give a clue as to the people concerned,I will endeavor in my statement to avoid such terms as would serve to limit the events to any particular place or give a clue as to the people concerned.,0.06666666666666667,0.013071895424836602,8.94,-0.20263183861970901,228.96900000341702,0.02561174496682517
1580-141083-0000,pink,5,raw,none,i will endeavour in my statement to avoid such terms as would serve to limit the events to any particular place or give a clue as to the people concerned,I will endeavor in my statement to avoid such terms as would serve to limit the events to any particular place or give a clue as to the people concerned.,0.06666666666666667,0.013071895424836602,8.94,-0.19044912299689123,225.35183301079087,0.025207140157806587
1580-141083-0000,pink,5,wiener,wiener,i will endeavour in my statement to avoid such terms as would serve to limit the events to any particular place or give a clue as to the people concerned,I will endeavor in my statement to avoid such terms as would serve to limit the events to any particular place or give a clue as to the people concerned.,0.06666666666666667,0.013071895424836602,8.94,-0.2191740936703152,219.38704198691994,0.024539937582429526
1580-141083-0000,pink,5,spectral_sub,spectral_subtraction,i will endeavour in my statement to avoid such terms as would serve to limit the events to any particular place or give a clue as to the people concerned,I will endeavor in my statement to avoid such terms as would serve to limit the events to any particular place or give a clue as to the people concerned.,0.06666666666666667,0.013071895424836602,8.94,-0.1890295033945757,224.8664579965407,0.025152847650619765
1580-141083-0000,pink,5,adaptive,wiener,i will endeavour in my statement to avoid such terms as would serve to limit the events to any particular place or give a clue as to the people concerned,I will endeavor in my statement to avoid such terms as would serve to limit the events to any particular place or give a clue as to the people concerned.,0.06666666666666667,0.013071895424836602,8.94,-0.2191740936703152,217.6282500004163,0.024343204698033145
1580-141083-0000,pink,10,raw,none,i will endeavour in my statement to avoid such terms as would serve to limit the events to any particular place or give a clue as to the people concerned,I will endeavor in my statement to avoid such terms as would serve to limit the events to any particular place or give a clue as to the people concerned.,0.06666666666666667,0.013071895424836602,8.94,-0.1938373591093456,226.83825000422075,0.02537340604074058
1580-141083-0000,pink,10,wiener,wiener,i will endeavour in my statement to avoid such terms as would serve to limit the events to any particular place or give a clue as to the people concerned,I will endeavor in my statement to avoid such terms as would serve to limit the events to any particular place or give a clue as to the people concerned.,0.06666666666666667,0.013071895424836602,8.94,-0.21380463943761938,210.98962498945184,0.02360062919345099
1580-141083-0000,pink,10,spectral_sub,spectral_subtraction,i will endeavour in my statement to avoid such terms as would serve to limit the events to any particular place or give a clue as to the people concerned,I will endeavor in my statement to avoid such terms as would serve to limit the events to any particular place or give a clue as to the people concerned.,0.06666666666666667,0.013071895424836602,8.94,-0.18965305650935455,221.80029199807905,0.024809876062424952
1580-141083-0000,pink,10,adaptive,wiener,i will endeavour in my statement to avoid such terms as would serve to limit the events to any particular place or give a clue as to the people concerned,I will endeavor in my statement to avoid such terms as would serve to limit the events to any particular place or give a clue as to the people concerned.,0.06666666666666667,0.013071895424836602,8.94,-0.21380463943761938,224.7393340076087,0.025138627965056903
1580-141083-0000,pink,15,raw,none,i will endeavour in my statement to avoid such terms as would serve to limit the events to any particular place or give a clue as to the people concerned,I will endeavor in my statement to avoid such terms as would serve to limit the events to any particular place or give a clue as to the people concerned.,0.06666666666666667,0.013071895424836602,8.94,-0.19766092826338374,224.05945899663493,0.02506257930611129
1580-141083-0000,pink,15,wiener,wiener,i will endeavour in my statement to avoid such terms as would serve to limit the events to any particular place or give a clue as to the people concerned,I will endeavor in my statement to avoid such terms as would serve to limit the events to any particular place or give a clue as to the people concerned.,0.06666666666666667,0.013071895424836602,8.94,-0.20508756532388575,210.0417500041658,0.02349460290874338
1580-141083-0000,pink,15,spectral_sub,spectral_subtraction,i will endeavour in my statement to avoid such terms as would serve to limit the events to any particular place or give a clue as to the people concerned,I will endeavor in my statement to avoid such terms as would serve to limit the events to any particular place or give a clue as to the people concerned.,0.06666666666666667,0.013071895424836602,8.94,-0.19064457451595979,229.41687500861008,0.025661842842126407
1580-141083-0000,pink,15,adaptive,wiener,i will endeavour in my statement to avoid such terms as would serve to limit the events to any particular place or give a clue as to the people concerned,I will endeavor in my statement to avoid such terms as would serve to limit the events to any particular place or give a clue as to the people concerned.,0.06666666666666667,0.013071895424836602,8.94,-0.20508756532388575,233.68108400609344,0.026138823714328126
1580-141083-0000,pink,20,raw,none,i will endeavour in my statement to avoid such terms as would serve to limit the events to any particular place or give a clue as to the people concerned,I will endeavor in my statement to avoid such terms as would serve to limit the events to any particular place or give a clue as to the people concerned.,0.06666666666666667,0.013071895424836602,8.94,-0.1931077206836027,218.2580840017181,0.024413655928603815
1580-141083-0000,pink,20,wiener,wiener,i will endeavour in my statement to avoid such terms as would serve to limit the events to any particular place or give a clue as to the people concerned,I will endeavor in my statement to avoid such terms as would serve to limit the events to any particular place or give a clue as to the people concerned.,0.06666666666666667,0.013071895424836602,8.94,-0.21089298453401117,222.51004198915325,0.02488926644173974
1580-141083-0000,pink,20,spectral_sub,spectral_subtraction,i will endeavour in my statement to avoid such terms as would serve to limit the events to any particular place or give a clue as to the people concerned,I will endeavor in my statement to avoid such terms as would serve to limit the events to any particular place or give a clue as to the people concerned.,0.06666666666666667,0.013071895424836602,8.94,-0.18836739221039941,219.32354199816473,0.024532834675409926
1580-141083-0000,pink,20,adaptive,wiener,i will endeavour in my statement to avoid such terms as would serve to limit the events to any particular place or give a clue as to the people concerned,I will endeavor in my statement to avoid such terms as would serve to limit the events to any particular place or give a clue as to the people concerned.,0.06666666666666667,0.013071895424836602,8.94,-0.21089298453401117,229.29350000049453,0.025648042505648158
1580-141083-0000,babble,-5,raw,none,i will endeavour in my statement to avoid such terms as would serve to limit the events to any particular place or give a clue as to the people concerned,I will endeavor in my day to avoid such traffic for a preliminary event to make it a good place or give a clue if you can't drive it.,0.6,0.43137254901960786,8.94,-0.8782840023438135,215.35408399358857,0.02408882371292937
1580-141083-0000,babble,-5,wiener,wiener,i will endeavour in my statement to avoid such terms as would serve to limit the events to any particular place or give a clue as to the people concerned,I will endeavor not to date the boy that's a great group.,0.8333333333333334,0.7189542483660131,8.94,-1.3203263002283432,2476.055290986551,0.2769636790812697
1580-141083-0000,babble,-5,spectral_sub,spectral_subtraction,i will endeavour in my statement to avoid such terms as would serve to limit the events to any particular place or give a clue as to the people concerned,I will endeavor in my state to avoid social justice for a two-way messy event to make a two-way place or give a clue to the two people in the community.,0.6333333333333333,0.4444444444444444,8.94,-0.916911450827994,519.3277500075055,0.058090352349832834
1580-141083-0000,babble,-5,adaptive,wiener,i will endeavour in my statement to avoid such terms as would serve to limit the events to any particular place or give a clue as to the people concerned,I will endeavor not to date. The boy said that we can prepare to give up. We can prepare to give up. We can prepare to do it.,0.8666666666666667,0.5947712418300654,8.94,-0.9214993221003834,415.7894999952987,0.04650889261692379
1580-141083-0000,babble,0,raw,none,i will endeavour in my statement to avoid such terms as would serve to limit the events to any particular place or give a clue as to the people concerned,I will endeavor in my statement to avoid such terms as we serve to limit the events to any particular place or give a clue as to the people concerned.,0.1,0.0392156862745098,8.94,-0.32509975135326385,232.5425000017276,0.026011465324578032
1580-141083-0000,babble,0,wiener,wiener,i will endeavour in my statement to avoid such terms as would serve to limit the events to any particular place or give a clue as to the people concerned,I will endeavor and mark the to avoid such term. Search to limit the event to make particular flights. Or give a clue to the people of the program.,0.5,0.33986928104575165,8.94,-0.7731694166476911,220.14116600621492,0.024624291499576612
1580-141083-0000,babble,0,spectral_sub,spectral_subtraction,i will endeavour in my statement to avoid such terms as would serve to limit the events to any particular place or give a clue as to the people concerned,I will endeavor in my statement to avoid such terms as reserve to limit the events to any particular place or give a clue as to the people who can serve.,0.2,0.10457516339869281,8.94,-0.44397483645258723,232.88737499387935,0.02605004194562409
1580-141083-0000,babble,0,adaptive,wiener,i will endeavour in my statement to avoid such terms as would serve to limit the events to any particular place or give a clue as to the people concerned,I will endeavor and mark the to avoid such term. Search to limit the event to make particular flights. Or give a clue to the people of the program.,0.5,0.33986928104575165,8.94,-0.7731694166476911,221.62229199602734,0.024789965547654065
1580-141083-0000,babble,5,raw,none,i will endeavour in my statement to avoid such terms as would serve to limit the events to any particular place or give a clue as to the people concerned,I will endeavor in my statement to avoid such terms as would serve to limit the events to any particular place or give a clue as to the people concerned.,0.06666666666666667,0.013071895424836602,8.94,-0.22369721283515295,243.92033299955074,0.027284153579368094
1580-141083-0000,babble,5,wiener,wiener,i will endeavour in my statement to avoid such terms as would serve to limit the events to any particular place or give a clue as to the people concerned,I will endeavor in my statement to avoid such terms as we serve to limit the event to any particular place or give a clue as to the people of concern.,0.16666666666666666,0.0718954248366013,8.94,-0.45913068023887843,219.20283300278243,0.024519332550646804
1580-141083-0000,babble,5,spectral_sub,spectral_subtraction,i will endeavour in my statement to avoid such terms as would serve to limit the events to any particular place or give a clue as to the people concerned,I will endeavor in my statement to avoid such terms as would serve to limit the events to any particular place or give a clue as to the people concerned.,0.06666666666666667,0.013071895424836602,8.94,-0.2225842016438643,228.66604100272525,0.02557785693542788
1580-141083-0000,babble,5,adaptive,wiener,i will endeavour in my statement to avoid such terms as would serve to limit the events to any particular place or give a clue as to the people concerned,I will endeavor in my statement to avoid such terms as we serve to limit the event to any particular place or give a clue as to the people of concern.,0.16666666666666666,0.0718954248366013,8.94,-0.45913068023887843,231.13324999576434,0.025853831095723083
1580-141083-0000,babble,10,raw,none,i will endeavour in my statement to avoid such terms as would serve to limit the events to any particular place or give a clue as to the people concerned,I will endeavor in my statement to avoid such terms as would serve to limit the events to any particular place or give a clue as to the people concerned.,0.06666666666666667,0.013071895424836602,8.94,-0.20705554634332657,218.10241699859034,0.024396243512146573
1580-141083-0000,babble,10,wiener,wiener,i will endeavour in my statement to avoid such terms as would serve to limit the events to any particular place or give a clue as to the people concerned,I will endeavor in my statement to avoid such terms as with her to limit the events to any particular place or give a clue as to the people concerned.,0.13333333333333333,0.058823529411764705,8.94,-0.3422836462656657,218.09849998680875,0.024395805367651985
1580-141083-0000,babble,10,spectral_sub,spectral_subtraction,i will endeavour in my statement to avoid such terms as would serve to limit the events to any particular place or give a clue as to the people concerned,I will endeavor in my statement to avoid such terms as would serve to limit the events to any particular place or give a clue as to the people concerned.,0.06666666666666667,0.013071895424836602,8.94,-0.2124086974395646,239.39429099846166,0.026777884899156786
1580-141083-0000,babble,10,adaptive,wiener,i will endeavour in my statement to avoid such terms as would serve to limit the events to any particular place or give a clue as to the people concerned,I will endeavor in my statement to avoid such terms as with her to limit the events to any particular place or give a clue as to the people concerned.,0.13333333333333333,0.058823529411764705,8.94,-0.3422836462656657,216.1858339968603,0.024181860626047016
1580-141083-0000,babble,15,raw,none,i will endeavour in my statement to avoid such terms as would serve to limit the events to any particular place or give a clue as to the people concerned,I will endeavor in my statement to avoid such terms as would serve to limit the events to any particular place or give a clue as to the people concerned.,0.06666666666666667,0.013071895424836602,8.94,-0.2125757709145546,220.14874999877065,0.024625139820891574
1580-141083-0000,babble,15,wiener,wiener,i will endeavour in my statement to avoid such terms as would serve to limit the events to any particular place or give a clue as to the people concerned,I will endeavor in my statement to avoid such terms as with serve to limit the events to any particular place or give a clue as to the people concerned.,0.1,0.0392156862745098,8.94,-0.28601506104071933,224.93329099961556,0.02516032337803306
1580-141083-0000,babble,15,spectral_sub,spectral_subtraction,i will endeavour in my statement to avoid such terms as would serve to limit the events to any particular place or give a clue as to the people concerned,I will endeavor in my statement to avoid such terms as with serve to limit the events to any particular place or give a clue as to the people concerned.,0.1,0.0392156862745098,8.94,-0.22148067959480816,211.6777499904856,0.023677600670076692
1580-141083-0000,babble,15,adaptive,wiener,i will endeavour in my statement to avoid such terms as would serve to limit the events to any particular place or give a clue as to the people concerned,I will endeavor in my statement to avoid such terms as with serve to limit the events to any particular place or give a clue as to the people concerned.,0.1,0.0392156862745098,8.94,-0.28601506104071933,232.65975000686012,0.026024580537680104
1580-141083-0000,babble,20,raw,none,i will endeavour in my statement to avoid such terms as would serve to limit the events to any particular place or give a clue as to the people concerned,I will endeavor in my statement to avoid such terms as would serve to limit the events to any particular place or give a clue as to the people concerned.,0.06666666666666667,0.013071895424836602,8.94,-0.19793635957381306,210.58508301211987,0.0235553784129888
1580-141083-0000,babble,20,wiener,wiener,i will endeavour in my statement to avoid such terms as would serve to limit the events to any particular place or give a clue as to the people concerned,I will endeavor in my statement to avoid such terms as would serve to limit the events to any particular place or give a clue as to the people concerned.,0.06666666666666667,0.013071895424836602,8.94,-0.21167331064740816,216.4736250124406,0.024214052014814386
1580-141083-0000,babble,20,spectral_sub,spectral_subtraction,i will endeavour in my statement to avoid such terms as would serve to limit the events to any particular place or give a clue as to the people concerned,I will endeavor in my statement to avoid such terms as would serve to limit the events to any particular place or give a clue as to the people concerned.,0.06666666666666667,0.013071895424836602,8.94,-0.17772708502080706,231.1312500096392,0.025853607383628546
1580-141083-0000,babble,20,adaptive,wiener,i will endeavour in my statement to avoid such terms as would serve to limit the events to any particular place or give a clue as to the people concerned,I will endeavor in my statement to avoid such terms as would serve to limit the events to any particular place or give a clue as to the people concerned.,0.06666666666666667,0.013071895424836602,8.94,-0.21167331064740816,216.0097910091281,0.024162169016680998
1580-141083-0000,soundtrack,-5,raw,none,i will endeavour in my statement to avoid such terms as would serve to limit the events to any particular place or give a clue as to the people concerned,I will endeavor in my statement to avoid such terms as would serve to limit the events to any particular place or give a clue as to the people concerned.,0.06666666666666667,0.013071895424836602,8.94,-0.22168399352166387,220.10625000984874,0.02462038590714192
1580-141083-0000,soundtrack,-5,wiener,wiener,i will endeavour in my statement to avoid such terms as would serve to limit the events to any particular place or give a clue as to the people concerned,I will endeavor our statement to avoid touch terms as we serve to live in the events in a particular place. We're given clues to the meeting.,0.5666666666666667,0.27450980392156865,8.94,-0.6139299225162815,232.2234169987496,0.025975773713506668
1580-141083-0000,soundtrack,-5,spectral_sub,spectral_subtraction,i will endeavour in my statement to avoid such terms as would serve to limit the events to any particular place or give a clue as to the people concerned,I will endeavor in my statement to avoid such terms as with serve to limit the events to any particular place or give a clue as to the people concerned.,0.1,0.0392156862745098,8.94,-0.2768589225080278,217.08416700130329,0.024282345302159204
1580-141083-0000,soundtrack,-5,adaptive,wiener,i will endeavour in my statement to avoid such terms as would serve to limit the events to any particular place or give a clue as to the people concerned,I will endeavor our statement to avoid touch terms as we serve to live in the events in a particular place. We're given clues to the meeting.,0.5666666666666667,0.27450980392156865,8.94,-0.6139299225162815,242.65025000204332,0.027142086129982475
1580-141083-0000,soundtrack,0,raw,none,i will endeavour in my statement to avoid such terms as would serve to limit the events to any particular place or give a clue as to the people concerned,I will endeavor in my statement to avoid such terms as would serve to limit the events to any particular place or give a clue as to the people concerned.,0.06666666666666667,0.013071895424836602,8.94,-0.220319044064073,214.07600000384264,0.023945861297968975
1580-141083-0000,soundtrack,0,wiener,wiener,i will endeavour in my statement to avoid such terms as would serve to limit the events to any particular place or give a clue as to the people concerned,I will endeavor in our statement to avoid such terms as we serve to limit the events to make particular place or give a clue as to the people in the world.,0.23333333333333334,0.1437908496732026,8.94,-0.4197716689423511,219.79787499003578,0.024585892057050984
1580-141083-0000,soundtrack,0,spectral_sub,spectral_subtraction,i will endeavour in my statement to avoid such terms as would serve to limit the events to any particular place or give a clue as to the people concerned,I will endeavor in my statement to avoid such terms as would serve to limit the events to any particular place or give a clue as to the people concerned.,0.06666666666666667,0.013071895424836602,8.94,-0.238638596061398,224.96745899843518,0.025164145301838386
1580-141083-0000,soundtrack,0,adaptive,wiener,i will endeavour in my statement to avoid such terms as would serve to limit the events to any particular place or give a clue as to the people concerned,I will endeavor in our statement to avoid such terms as we serve to limit the events to make particular place or give a clue as to the people in the world.,0.23333333333333334,0.1437908496732026,8.94,-0.4197716689423511,231.8868750007823,0.02593812919471838
1580-141083-0000,soundtrack,5,raw,none,i will endeavour in my statement to avoid such terms as would serve to limit the events to any particular place or give a clue as to the people concerned,I will endeavor in my statement to avoid such terms as would serve to limit the events to any particular place or give a clue as to the people concerned.,0.06666666666666667,0.013071895424836602,8.94,-0.20726742683088079,245.57312500837725,0.02746902964299522
1580-141083-0000,soundtrack,5,wiener,wiener,i will endeavour in my statement to avoid such terms as would serve to limit the events to any particular place or give a clue as to the people concerned,I will endeavor in my statement to avoid such terms as we serve to limit the events to any particular place or give a clue as to the people concerned.,0.1,0.0392156862745098,8.94,-0.29912253634797203,227.15112500009127,0.025408403243858086
1580-141083-0000,soundtrack,5,spectral_sub,spectral_subtraction,i will endeavour in my statement to avoid such terms as would serve to limit the events to any particular place or give a clue as to the people concerned,I will endeavor in my statement to avoid such terms as would serve to limit the events to any particular place or give a clue as to the people concerned.,0.06666666666666667,0.013071895424836602,8.94,-0.19360359344217512,217.90241599956062,0.024373872035745037
1580-141083-0000,soundtrack,5,adaptive,wiener,i will endeavour in my statement to avoid such terms as would serve to limit the events to any particular place or give a clue as to the people concerned,I will endeavor in my statement to avoid such terms as we serve to limit the events to any particular place or give a clue as to the people concerned.,0.1,0.0392156862745098,8.94,-0.29912253634797203,229.26816700783093,0.025645208837564982
1580-141083-0000,soundtrack,10,raw,none,i will endeavour in my statement to avoid such terms as would serve to limit the events to any particular place or give a clue as to the people concerned,I will endeavor in my statement to avoid such terms as would serve to limit the events to any particular place or give a clue as to the people concerned.,0.06666666666666667,0.013071895424836602,8.94,-0.19933168151799371,216.10370799317025,0.024172674272166697
1580-141083-0000,soundtrack,10,wiener,wiener,i will endeavour in my statement to avoid such terms as would serve to limit the events to any particular place or give a clue as to the people concerned,I will endeavor in my statement to avoid such terms as would serve to limit the events to any particular place or give a clue as to the people concerned.,0.06666666666666667,0.013071895424836602,8.94,-0.2353421414599699,213.2055410038447,0.023848494519445717
1580-141083-0000,soundtrack,10,spectral_sub,spectral_subtraction,i will endeavour in my statement to avoid such terms as would serve to limit the events to any particular place or give a clue as to the people concerned,I will endeavor in my statement to avoid such terms as would serve to limit the events to any particular place or give a clue as to the people concerned.,0.06666666666666667,0.013071895424836602,8.94,-0.2050409369608935,228.546667000046,0.025564504138707606
1580-141083-0000,soundtrack,10,adaptive,wiener,i will endeavour in my statement to avoid such terms as would serve to limit the events to any particular place or give a clue as to the people concerned,I will endeavor in my statement to avoid such terms as would serve to limit the events to any particular place or give a clue as to the people concerned.,0.06666666666666667,0.013071895424836602,8.94,-0.2353421414599699,213.72754199546762,0.023906883892110473
1580-141083-0000,soundtrack,15,raw,none,i will endeavour in my statement to avoid such terms as would serve to limit the events to any particular place or give a clue as to the people concerned,I will endeavor in my statement to avoid such terms as would serve to limit the events to any particular place or give a clue as to the people concerned.,0.06666666666666667,0.013071895424836602,8.94,-0.19678287164253347,217.88016700884327,0.024371383334322514
1580-141083-0000,soundtrack,15,wiener,wiener,i will endeavour in my statement to avoid such terms as would serve to limit the events to any particular place or give a clue as to the people concerned,I will endeavor in my statement to avoid such terms as would serve to limit the events to any particular place or give a clue as to the people concerned.,0.06666666666666667,0.013071895424836602,8.94,-0.2318334641555945,244.14483300643042,0.027309265436960897
1580-141083-0000,soundtrack,15,spectral_sub,spectral_subtraction,i will endeavour in my statement to avoid such terms as would serve to limit the events to any particular place or give a clue as to the people concerned,I will endeavor in my statement to avoid such terms as would serve to limit the events to any particular place or give a clue as to the people concerned.,0.06666666666666667,0.013071895424836602,8.94,-0.19373222834923687,215.47116700094193,0.024101920246190373
1580-141083-0000,soundtrack,15,adaptive,wiener,i will endeavour in my statement to avoid such terms as would serve to limit the events to any particular place or give a clue as to the people concerned,I will endeavor in my statement to avoid such terms as would serve to limit the events to any particular place or give a clue as to the people concerned.,0.06666666666666667,0.013071895424836602,8.94,-0.2318334641555945,213.891416991828,0.023925214428616108
1580-141083-0000,soundtrack,20,raw,none,i will endeavour in my statement to avoid such terms as would serve to limit the events to any particular place or give a clue as to the people concerned,I will endeavor in my statement to avoid such terms as would serve to limit the events to any particular place or give a clue as to the people concerned.,0.06666666666666667,0.013071895424836602,8.94,-0.1936551266733338,225.5378340050811,0.025227945638152248
1580-141083-0000,soundtrack,20,wiener,wiener,i will endeavour in my statement to avoid such terms as would serve to limit the events to any particular place or give a clue as to the people concerned,I will endeavor in my statement to avoid such terms as would serve to limit the events to any particular place or give a clue as to the people concerned.,0.06666666666666667,0.013071895424836602,8.94,-0.2406347377432717,216.91304199339356,0.024263203802393017
1580-141083-0000,soundtrack,20,spectral_sub,spectral_subtraction,i will endeavour in my statement to avoid such terms as would serve to limit the events to any particular place or give a clue as to the people concerned,I will endeavor in my statement to avoid such terms as would serve to limit the events to any particular place or give a clue as to the people concerned.,0.06666666666666667,0.013071895424836602,8.94,-0.1841930834686055,232.42670799663756,0.025998513198729034
1580-141083-0000,soundtrack,20,adaptive,wiener,i will endeavour in my statement to avoid such terms as would serve to limit the events to any particular place or give a clue as to the people concerned,I will endeavor in my statement to avoid such terms as would serve to limit the events to any particular place or give a clue as to the people concerned.,0.06666666666666667,0.013071895424836602,8.94,-0.2406347377432717,234.95733299932908,0.026281580872408176
1995-1826-0000,white,-5,raw,none,in the debate between the senior societies her defence of the fifteenth amendment had been not only a notable bit of reasoning but delivered with real enthusiasm,"There's a lot of cool things in this time, it's really fun, so it's really fun. It's really fun, it's really fun. It's really fun, it's really fun.",1.037037037037037,0.7639751552795031,9.485,-0.9050825062920066,2415.98870800226,0.25471678524009067
1995-1826-0000,white,-5,wiener,wiener,in the debate between the senior societies her defence of the fifteenth amendment had been not only a notable bit of reasoning but delivered with real enthusiasm,,1.0,1.0,9.485,,2772.2434169991175,0.2922765858723371
1995-1826-0000,white,-5,spectral_sub,spectral_subtraction,in the debate between the senior societies her defence of the fifteenth amendment had been not only a notable bit of reasoning but delivered with real enthusiasm,"And we don't destroy the team at the time, and take a phone and sell the shit comes from others. And we don't know how you're notable for the team, and how we're able to just use it and future it.",1.3703703703703705,0.8198757763975155,9.485,-1.1090798024778012,1992.1415840071859,0.21003074159274496
1995-1826-0000,white,-5,adaptive,wiener,in the debate between the senior societies her defence of the fifteenth amendment had been not only a notable bit of reasoning but delivered with real enthusiasm,,1.0,1.0,9.485,,2595.4302079917397,0.2736352354234834
1995-1826-0000,white,0,raw,none,in the debate between the senior societies her defence of the fifteenth amendment had been not only a notable bit of reasoning but delivered with real enthusiasm,And the day between the seniors to find where the fans go to 15th and then this has been telling you a notable set of reasons that the leaders will feel and appreciate it.,1.0,0.5341614906832298,9.485,-0.998254568018812,557.8058329992928,0.05880926020024173
1995-1826-0000,white,0,wiener,wiener,in the debate between the senior societies her defence of the fifteenth amendment had been not only a notable bit of reasoning but delivered with real enthusiasm,"You can. The game is paying for fine, because gone around with the opinions for people who have an example. Don't be in. Not even a matter, but not even. Not even a matter, but not even a matter again.",1.2962962962962963,0.8757763975155279,9.485,-2.835467728701505,4648.268624994671,0.4900652214016522
1995-1826-0000,white,0,spectral_sub,spectral_subtraction,in the debate between the senior societies her defence of the fifteenth amendment had been not only a notable bit of reasoning but delivered with real enthusiasm,"And the Delta City of the Community College, where the families told the city to make the members of the community. And the people who are not only a notable sort of reason, but the residents of the U.S. U.S. U.S. and these actions.",1.2592592592592593,0.8260869565217391,9.485,-1.2328609824180603,1605.7941659964854,0.16929827791212287
1995-1826-0000,white,0,adaptive,wiener,in the debate between the senior societies her defence of the fifteenth amendment had been not only a notable bit of reasoning but delivered with real enthusiasm,"Okay, the bank, our stream is $400 and you tell me, they play the bank, bands to come out again? Bring it in, bring it in. Bring it in, man! Now they know what a bank is doing. hotel layout is Alender and tenant",1.5185185185185186,0.9565217391304348,9.485,-3.4124960968459863,4125.970875000348,0.4349995651028306
1995-1826-0000,white,5,raw,none,in the debate between the senior societies her defence of the fifteenth amendment had been not only a notable bit of reasoning but delivered with real enthusiasm,"In the debate between the senior society, we heard a fan so the 15th Amendment had been not only a notable bit of reasoning, but the lyrics were real and crazy after me.",0.5555555555555556,0.3105590062111801,9.485,-0.6837137950503308,235.67104199901223,0.02484670975213624
1995-1826-0000,white,5,wiener,wiener,in the debate between the senior societies her defence of the fifteenth amendment had been not only a notable bit of reasoning but delivered with real enthusiasm,"And the bank is being a fan of the farm, and you hear the fan saying the fish makes a man move. My man, I'm not even mad about that, I'm not even mad about that. But the labor is real and easy on him.",1.4444444444444444,0.8198757763975155,9.485,-1.091425440003795,2925.772375005181,0.3084630864528393
1995-1826-0000,white,5,spectral_sub,spectral_subtraction,in the debate between the senior societies her defence of the fifteenth amendment had been not only a notable bit of reasoning but delivered with real enthusiasm,"In the the Dosey Freely Senior Society, we say the same service it takes a moment and have done not only a notable vote of reasoning, but delivers your real enthusiasm.",0.7777777777777778,0.4161490683229814,9.485,-0.9368293857574463,304.14487500092946,0.0320658803374728
1995-1826-0000,white,5,adaptive,wiener,in the debate between the senior societies her defence of the fifteenth amendment had been not only a notable bit of reasoning but delivered with real enthusiasm,"And the bank is being a fan of the family, and the family's made a fan of the family. My family is a lot of that of me, but the labor is real. And the family is a fan of the family.",1.3703703703703705,0.782608695652174,9.485,-0.9053814369335509,799.9477919947822,0.08433819630941299
1995-1826-0000,white,10,raw,none,in the debate between the senior societies her defence of the fifteenth amendment had been not only a notable bit of reasoning but delivered with real enthusiasm,"In the debate between the senior societies, how defense over 15th amendment had been not only a notable bit of reasoning, but delivered with real enthusiasm.",0.2962962962962963,0.11180124223602485,9.485,-0.36776537214006694,303.65295898809563,0.03201401781635168
1995-1826-0000,white,10,wiener,wiener,in the debate between the senior societies her defence of the fifteenth amendment had been not only a notable bit of reasoning but delivered with real enthusiasm,"And the base between the scenes is on these, where the fans saw the first thing for men, and they were made a lot about their engagement, but the lyrics were real and easy on them.",1.0740740740740742,0.6273291925465838,9.485,-0.8960567980396504,313.790207990678,0.03308278418457333
1995-1826-0000,white,10,spectral_sub,spectral_subtraction,in the debate between the senior societies her defence of the fifteenth amendment had been not only a notable bit of reasoning but delivered with real enthusiasm,"In the debauciatory with senior societies, how defense of the 15th Amendment have been not only a notable bit of reasoning but delivered with real enthusiasm.",0.3333333333333333,0.16149068322981366,9.485,-0.4991358893258231,265.8542499993928,0.028028914074791016
1995-1826-0000,white,10,adaptive,wiener,in the debate between the senior societies her defence of the fifteenth amendment had been not only a notable bit of reasoning but delivered with real enthusiasm,"And the base between the scenes is on these, where the fans saw the first thing for men, and they were made a lot about their engagement, but the lyrics were real and easy on them.",1.0740740740740742,0.6273291925465838,9.485,-0.8960567980396504,297.6273329986725,0.031378738323529
1995-1826-0000,white,15,raw,none,in the debate between the senior societies her defence of the fifteenth amendment had been not only a notable bit of reasoning but delivered with real enthusiasm,"In the debate between the senior societies, her defense over 15th Amendment had been not only a notable bit of reasoning but delivered with real enthusiasm.",0.2222222222222222,0.09316770186335403,9.485,-0.28138291370123625,386.6933329991298,0.040768933368384795
1995-1826-0000,white,15,wiener,wiener,in the debate between the senior societies her defence of the fifteenth amendment had been not only a notable bit of reasoning but delivered with real enthusiasm,"And the base between the scene of society is where the fans saw the 15th amendment have been mainly a notable bit of reasoning, but delivered with real enthusiasm.",0.5925925925925926,0.2422360248447205,9.485,-0.6034277838629645,426.8122920038877,0.04499866020072617
1995-1826-0000,white,15,spectral_sub,spectral_subtraction,in the debate between the senior societies her defence of the fifteenth amendment had been not only a notable bit of reasoning but delivered with real enthusiasm,In the debate between the senior societies who defend so the 15th Amendment have been not only a notable bit of reasoning but delivered with real enthusiasm.,0.2222222222222222,0.10559006211180125,9.485,-0.3297249771216336,279.8738749988843,0.029506997891289858
1995-1826-0000,white,15,adaptive,wiener,in the debate between the senior societies her defence of the fifteenth amendment had been not only a notable bit of reasoning but delivered with real enthusiasm,"And the base between the scene of society is where the fans saw the 15th amendment have been mainly a notable bit of reasoning, but delivered with real enthusiasm.",0.5925925925925926,0.2422360248447205,9.485,-0.6034277838629645,314.91579199791886,0.033201454085178585
1995-1826-0000,white,20,raw,none,in the debate between the senior societies her defence of the fifteenth amendment had been not only a notable bit of reasoning but delivered with real enthusiasm,"In the debate between the senior societies, her defense of the 15th Amendment had been not only a notable bit of reasoning but delivered with real enthusiasm.",0.14814814814814814,0.062111801242236024,9.485,-0.28361996582576204,387.01791600033175,0.04080315403271816
1995-1826-0000,white,20,wiener,wiener,in the debate between the senior societies her defence of the fifteenth amendment had been not only a notable bit of reasoning but delivered with real enthusiasm,And the debate between the scene of society is how the fans of the 15th Amendment have been manually a notable bit of reasoning but delivered with real enthusiasm.,0.48148148148148145,0.20496894409937888,9.485,-0.5086033046245575,302.50041699036956,0.03189250574489927
1995-1826-0000,white,20,spectral_sub,spectral_subtraction,in the debate between the senior societies her defence of the fifteenth amendment had been not only a notable bit of reasoning but delivered with real enthusiasm,In the debate between the senior societies her defense of the 15th Amendment have been not only a notable bit of reasoning but delivered with real enthusiasm.,0.14814814814814814,0.06832298136645963,9.485,-0.30166985971086163,319.12841700250283,0.03364558956273093
1995-1826-0000,white,20,adaptive,wiener,in the debate between the senior societies her defence of the fifteenth amendment had been not only a notable bit of reasoning but delivered with real enthusiasm,And the debate between the scene of society is how the fans of the 15th Amendment have been manually a notable bit of reasoning but delivered with real enthusiasm.,0.48148148148148145,0.20496894409937888,9.485,-0.5086033046245575,403.8157500035595,0.042574143384666266
1995-1826-0000,pink,-5,raw,none,in the debate between the senior societies her defence of the fifteenth amendment had been not only a notable bit of reasoning but delivered with real enthusiasm,In the debate between the senior societies her defense of the 15th Amendment had been not only a notable bit of reasoning but delivered with real enthusiasm.,0.1111111111111111,0.055900621118012424,9.485,-0.28236398188506856,372.63245800568257,0.039286500580462055
1995-1826-0000,pink,-5,wiener,wiener,in the debate between the senior societies her defence of the fifteenth amendment had been not only a notable bit of reasoning but delivered with real enthusiasm,"In the debate between the seniors' songs, how the fans of the 15th Amendment have been not only a notable bit of reasoning, but delivered with real enthusiasm.",0.3333333333333333,0.17391304347826086,9.485,-0.5594012027695066,294.23166600463446,0.03102073442326141
1995-1826-0000,pink,-5,spectral_sub,spectral_subtraction,in the debate between the senior societies her defence of the fifteenth amendment had been not only a notable bit of reasoning but delivered with real enthusiasm,"In the debate between the senior societies, her defense of the 15th Amendment had been not only a notable bit of reasoning but delivered with real enthusiasm.",0.14814814814814814,0.062111801242236024,9.485,-0.27631645372935704,295.8902090031188,0.03119559399084015
1995-1826-0000,pink,-5,adaptive,none,in the debate between the senior societies her defence of the fifteenth amendment had been not only a notable bit of reasoning but delivered with real enthusiasm,In the debate between the senior societies her defense of the 15th Amendment had been not only a notable bit of reasoning but delivered with real enthusiasm.,0.1111111111111111,0.055900621118012424,9.485,-0.28236398188506856,267.4254580051638,0.028194565946775312
1995-1826-0000,pink,0,raw,none,in the debate between the senior societies her defence of the fifteenth amendment had been not only a notable bit of reasoning but delivered with real enthusiasm,In the debate between the senior society's her defense of the 15th Amendment had been not only a notable bit of reasoning but delivered with real enthusiasm.,0.14814814814814814,0.06832298136645963,9.485,-0.27687963417598177,336.1999159969855,0.03544543131228103
1995-1826-0000,pink,0,wiener,wiener,in the debate between the senior societies her defence of the fifteenth amendment had been not only a notable bit of reasoning but delivered with real enthusiasm,"In the debate between the seniors' songs, how to film, so the 15th Amendment, have been normally a notable bit of reasoning, but delivered with real enthusiasm.",0.48148148148148145,0.2236024844720497,9.485,-0.484132571098132,272.7881669998169,0.02875995434895276
1995-1826-0000,pink,0,spectral_sub,spectral_subtraction,in the debate between the senior societies her defence of the fifteenth amendment had been not only a notable bit of reasoning but delivered with real enthusiasm,In the debate between the senior society's her defense of the 15th Amendment had been not only a notable bit of reasoning but delivered with real enthusiasm.,0.14814814814814814,0.06832298136645963,9.485,-0.2666136997086661,294.5995000045514,0.03105951502420152
1995-1826-0000,pink,0,adaptive,none,in the debate between the senior societies her defence of the fifteenth amendment had been not only a notable bit of reasoning but delivered with real enthusiasm,In the debate between the senior society's her defense of the 15th Amendment had been not only a notable bit of reasoning but delivered with real enthusiasm.,0.14814814814814814,0.06832298136645963,9.485,-0.27687963417598177,296.58470800495706,0.03126881476067023
1995-1826-0000,pink,5,raw,none,in the debate between the senior societies her defence of the fifteenth amendment had been not only a notable bit of reasoning but delivered with real enthusiasm,In the debate between the senior society's her defense of the 15th Amendment had been not only a notable bit of reasoning but delivered with real enthusiasm.,0.14814814814814814,0.06832298136645963,9.485,-0.2732466237885611,267.1510420041159,0.028165634370491924
1995-1826-0000,pink,5,wiener,wiener,in the debate between the senior societies her defence of the fifteenth amendment had been not only a notable bit of reasoning but delivered with real enthusiasm,"In the debate between the senior societies, how to face on the 15th amendment, have been normally a notable bit of reasoning, but delivered with real enthusiasm.",0.4444444444444444,0.15527950310559005,9.485,-0.5483888998264219,268.99720799701754,0.02836027496014945
1995-1826-0000,pink,5,spectral_sub,spectral_subtraction,in the debate between the senior societies her defence of the fifteenth amendment had been not only a notable bit of reasoning but delivered with real enthusiasm,In the debate between the senior society's her defense of the 15th Amendment had been not only a notable bit of reasoning but delivered with real enthusiasm.,0.14814814814814814,0.06832298136645963,9.485,-0.2651985543114798,289.29554199567065,0.030500320716465013
1995-1826-0000,pink,5,adaptive,none,in the debate between the senior societies her defence of the fifteenth amendment had been not only a notable bit of reasoning but delivered with real enthusiasm,In the debate between the senior society's her defense of the 15th Amendment had been not only a notable bit of reasoning but delivered with real enthusiasm.,0.14814814814814814,0.06832298136645963,9.485,-0.2732466237885611,284.05874999589287,0.029948207695929666
1995-1826-0000,pink,10,raw,none,in the debate between the senior societies her defence of the fifteenth amendment had been not only a notable bit of reasoning but delivered with real enthusiasm,In the debate between the senior society's her defense of the 15th Amendment had been not only a notable bit of reasoning but delivered with real enthusiasm.,0.14814814814814814,0.06832298136645963,9.485,-0.26983954565865653,275.8218329981901,0.02907979261973538
1995-1826-0000,pink,10,wiener,wiener,in the debate between the senior societies her defence of the fifteenth amendment had been not only a notable bit of reasoning but delivered with real enthusiasm,"In the debate between the senior society, he's heard a fan said the 15th amendment had been not only a notable bit of reasoning, but delivered with real enthusiasm.",0.3333333333333333,0.14906832298136646,9.485,-0.4516557579816774,294.2250409978442,0.031020035951275088
1995-1826-0000,pink,10,spectral_sub,spectral_subtraction,in the debate between the senior societies her defence of the fifteenth amendment had been not only a notable bit of reasoning but delivered with real enthusiasm,In the debate between the senior society's her defense of the 15th Amendment had been not only a notable bit of reasoning but delivered with real enthusiasm.,0.14814814814814814,0.06832298136645963,9.485,-0.2588701639856611,263.3847499964759,0.027768555613756025
1995-1826-0000,pink,10,adaptive,none,in the debate between the senior societies her defence of the fifteenth amendment had been not only a notable bit of reasoning but delivered with real enthusiasm,In the debate between the senior society's her defense of the 15th Amendment had been not only a notable bit of reasoning but delivered with real enthusiasm.,0.14814814814814814,0.06832298136645963,9.485,-0.26983954565865653,253.7535419978667,0.026753140959184685
1995-1826-0000,pink,15,raw,none,in the debate between the senior societies her defence of the fifteenth amendment had been not only a notable bit of reasoning but delivered with real enthusiasm,"In the debate between the senior society's her defense of the 15th Amendment had been, not only a notable bit of reasoning, but delivered with real enthusiasm.",0.2222222222222222,0.08074534161490683,9.485,-0.2852660643087851,256.99437501316424,0.02709482077102417
1995-1826-0000,pink,15,wiener,wiener,in the debate between the senior societies her defence of the fifteenth amendment had been not only a notable bit of reasoning but delivered with real enthusiasm,And the debate between the senior society's heard a fence of the 15th amendment have been not only a notable bit of reasoning but delivered with real enthusiasm.,0.2962962962962963,0.11180124223602485,9.485,-0.4336899312006103,255.47612500668038,0.026934752241083857
1995-1826-0000,pink,15,spectral_sub,spectral_subtraction,in the debate between the senior societies her defence of the fifteenth amendment had been not only a notable bit of reasoning but delivered with real enthusiasm,In the debate between the senior society's her defense of the 15th Amendment had been not only a notable bit of reasoning but delivered with real enthusiasm.,0.14814814814814814,0.06832298136645963,9.485,-0.2659312997545515,258.3652500034077,0.02723935160816107
1995-1826-0000,pink,15,adaptive,none,in the debate between the senior societies her defence of the fifteenth amendment had been not only a notable bit of reasoning but delivered with real enthusiasm,"In the debate between the senior society's her defense of the 15th Amendment had been, not only a notable bit of reasoning, but delivered with real enthusiasm.",0.2222222222222222,0.08074534161490683,9.485,-0.2852660643087851,249.78416600788478,0.026334651134199766
1995-1826-0000,pink,20,raw,none,in the debate between the senior societies her defence of the fifteenth amendment had been not only a notable bit of reasoning but delivered with real enthusiasm,"In the debate between the senior society's her defense of the 15th Amendment had been, not only a notable bit of reasoning, but delivered with real enthusiasm.",0.2222222222222222,0.08074534161490683,9.485,-0.26624047434007797,264.37916699796915,0.027873396626037866
1995-1826-0000,pink,20,wiener,wiener,in the debate between the senior societies her defence of the fifteenth amendment had been not only a notable bit of reasoning but delivered with real enthusiasm,"In the debate between the senior society, he's heard a fan said the 15th Amendment had been not only a notable bit of reasoning, but delivered with real enthusiasm.",0.3333333333333333,0.14906832298136646,9.485,-0.4000877114229424,299.5307499950286,0.0315794148650531
1995-1826-0000,pink,20,spectral_sub,spectral_subtraction,in the debate between the senior societies her defence of the fifteenth amendment had been not only a notable bit of reasoning but delivered with real enthusiasm,"In the debate between the senior societies, her defense of the 15th Amendment had been not only a notable bit of reasoning but delivered with real enthusiasm.",0.14814814814814814,0.062111801242236024,9.485,-0.2741712263652257,279.4522500043968,0.029462546125924808
1995-1826-0000,pink,20,adaptive,none,in the debate between the senior societies her defence of the fifteenth amendment had been not only a notable bit of reasoning but delivered with real enthusiasm,"In the debate between the senior society's her defense of the 15th Amendment had been, not only a notable bit of reasoning, but delivered with real enthusiasm.",0.2222222222222222,0.08074534161490683,9.485,-0.26624047434007797,280.6048339989502,0.029584062625087
1995-1826-0000,babble,-5,raw,none,in the debate between the senior societies her defence of the fifteenth amendment had been not only a notable bit of reasoning but delivered with real enthusiasm,"This is a good way to sing a sing of songs, but I think, that sings a little bit to sing. And that sings a little bit, that's a little bit good for me. So, I'ma sing a little bit.",1.3703703703703705,0.8385093167701864,9.485,-2.0673365676612185,3993.1660830043256,0.42099800558822625
1995-1826-0000,babble,-5,wiener,wiener,in the debate between the senior societies her defence of the fifteenth amendment had been not only a notable bit of reasoning but delivered with real enthusiasm,,1.0,1.0,9.485,,4774.032959001488,0.5033245080655233
1995-1826-0000,babble,-5,spectral_sub,spectral_subtraction,in the debate between the senior societies her defence of the fifteenth amendment had been not only a notable bit of reasoning but delivered with real enthusiasm,"From the bulk of famous police in Scotland, you hear the same as the chief's amendment in the same way. From the bulk of famous police in Scotland, you hear the same of the chief's amendment in the same way. We only have a notable set of reasons that the local should be a chief's amendment.",1.7037037037037037,1.2173913043478262,9.485,-1.1043766566685267,2152.6495419966523,0.22695303552943094
1995-1826-0000,babble,-5,adaptive,wiener,in the debate between the senior societies her defence of the fifteenth amendment had been not only a notable bit of reasoning but delivered with real enthusiasm,,1.0,1.0,9.485,,4996.932167006889,0.5268246881398935
1995-1826-0000,babble,0,raw,none,in the debate between the senior societies her defence of the fifteenth amendment had been not only a notable bit of reasoning but delivered with real enthusiasm,"The day between the sea was finally The same, so the future was a minute And again, knowing the notable set of reasons But the results were clear and crazy after me",0.9629629629629629,0.5900621118012422,9.485,-1.128393106682356,2663.916457997402,0.2808557151288774
1995-1826-0000,babble,0,wiener,wiener,in the debate between the senior societies her defence of the fifteenth amendment had been not only a notable bit of reasoning but delivered with real enthusiasm,"In the day, in the game I am beginning to fight against you and through the universe No Mach lies go, no Mach lies NET is doing my terrible job and giving em to that delayed Ics in the game of maniacs",1.4074074074074074,0.8322981366459627,9.485,-3.700967929402336,5205.611958008376,0.5488257204015157
1995-1826-0000,babble,0,spectral_sub,spectral_subtraction,in the debate between the senior societies her defence of the fifteenth amendment had been not only a notable bit of reasoning but delivered with real enthusiasm,"From the bulk of famous societies, here at the same time the 16th Amendment has been now a notable set of reasons but deliver to its media and curiosity.",0.8148148148148148,0.484472049689441,9.485,-0.9873866149357386,551.4799590018811,0.05814232567231219
1995-1826-0000,babble,0,adaptive,wiener,in the debate between the senior societies her defence of the fifteenth amendment had been not only a notable bit of reasoning but delivered with real enthusiasm,see the date of theme of performance go right into the page i know that it a group but the rare date de f,0.8888888888888888,0.6583850931677019,9.485,-4.060676874433245,4338.2073329994455,0.45737557543483875
1995-1826-0000,babble,5,raw,none,in the debate between the senior societies her defence of the fifteenth amendment had been not only a notable bit of reasoning but delivered with real enthusiasm,"And the basis for the famous society is where the fans said it took since the minute, had they been not really a notable bit of reasoning, but delivered with real enthusiasm.",0.7037037037037037,0.391304347826087,9.485,-0.985500830411911,3241.3750409905333,0.34173695740543314
1995-1826-0000,babble,5,wiener,wiener,in the debate between the senior societies her defence of the fifteenth amendment had been not only a notable bit of reasoning but delivered with real enthusiasm,"And the data seems to finally hear the theme from the 15th amendment, nothing even know the data is but the label is the theme on PPM.",0.9259259259259259,0.6335403726708074,9.485,-1.8036289347542658,4578.066166999633,0.4826638025302724
1995-1826-0000,babble,5,spectral_sub,spectral_subtraction,in the debate between the senior societies her defence of the fifteenth amendment had been not only a notable bit of reasoning but delivered with real enthusiasm,And the basis in the senior society said a fence at the kitchen at the moment had been not only a notable bit of reasoning but delivered with real enthusiasm.,0.48148148148148145,0.2236024844720497,9.485,-0.650575707356135,243.48520800413098,0.02567055434940759
1995-1826-0000,babble,5,adaptive,wiener,in the debate between the senior societies her defence of the fifteenth amendment had been not only a notable bit of reasoning but delivered with real enthusiasm,"You need to bake them for the thing we've seen, so for only, you need to add a thing for 15 seconds a minute, but then you need to know about better museum, but you need to add a thing.",1.3703703703703705,0.7763975155279503,9.485,-1.512006868015636,3082.363167006406,0.324972395045483
1995-1826-0000,babble,10,raw,none,in the debate between the senior societies her defence of the fifteenth amendment had been not only a notable bit of reasoning but delivered with real enthusiasm,"In the debate between the senior societies, how the fence of the 15th Amendment had been not only a notable bit of reasoning, but delivered with real enthusiasm.",0.25925925925925924,0.09316770186335403,9.485,-0.40670278595715037,242.73850000463426,0.025591829204494914
1995-1826-0000,babble,10,wiener,wiener,in the debate between the senior societies her defence of the fifteenth amendment had been not only a notable bit of reasoning but delivered with real enthusiasm,"And the base between the scenes is on me, so the scenes are the same, so the 15th amendment is not done. I know you're not about better reasoning, but the lyrics are the same in the scenes.",1.1851851851851851,0.5962732919254659,9.485,-0.936144323348999,250.45170899829827,0.026405029941834295
1995-1826-0000,babble,10,spectral_sub,spectral_subtraction,in the debate between the senior societies her defence of the fifteenth amendment had been not only a notable bit of reasoning but delivered with real enthusiasm,and the debate between the senior societies had a fence of the victim's amendment had been not only a notable bit of reasoning but delivered with real enthusiasm.,0.2222222222222222,0.08695652173913043,9.485,-0.45120429141180857,242.2161669965135,0.02553675983094502
1995-1826-0000,babble,10,adaptive,wiener,in the debate between the senior societies her defence of the fifteenth amendment had been not only a notable bit of reasoning but delivered with real enthusiasm,"And the base between the scenes is on me, so the scenes are the same, so the 15th amendment is not done. I know you're not about better reasoning, but the lyrics are the same in the scenes.",1.1851851851851851,0.5962732919254659,9.485,-0.936144323348999,245.32120900403243,0.025864123247657612
1995-1826-0000,babble,15,raw,none,in the debate between the senior societies her defence of the fifteenth amendment had been not only a notable bit of reasoning but delivered with real enthusiasm,"In the debate between the senior societies, her defense of the 15th Amendment had been not only a notable bit of reasoning but delivered with real enthusiasm.",0.14814814814814814,0.062111801242236024,9.485,-0.33128446340560913,247.67654199968092,0.02611244512384617
1995-1826-0000,babble,15,wiener,wiener,in the debate between the senior societies her defence of the fifteenth amendment had been not only a notable bit of reasoning but delivered with real enthusiasm,"And the debate between the scene and society is how the fans saw the 15th amendment, and they're mainly a notable bit of reasoning, but delivered with me in these answers.",0.7037037037037037,0.35403726708074534,9.485,-0.5966627888563203,225.86325000156648,0.023812677912658568
1995-1826-0000,babble,15,spectral_sub,spectral_subtraction,in the debate between the senior societies her defence of the fifteenth amendment had been not only a notable bit of reasoning but delivered with real enthusiasm,In the debate between the senior societies had a fence of the 15th Amendment had then not only a notable bit of reasoning but delivered with real enthusiasm.,0.2222222222222222,0.08695652173913043,9.485,-0.29506963672059955,206.31104199856054,0.02175129594080765
1995-1826-0000,babble,15,adaptive,wiener,in the debate between the senior societies her defence of the fifteenth amendment had been not only a notable bit of reasoning but delivered with real enthusiasm,"And the debate between the scene and society is how the fans saw the 15th amendment, and they're mainly a notable bit of reasoning, but delivered with me in these answers.",0.7037037037037037,0.35403726708074534,9.485,-0.5966627888563203,235.1688340131659,0.024793762152152444
1995-1826-0000,babble,20,raw,none,in the debate between the senior societies her defence of the fifteenth amendment had been not only a notable bit of reasoning but delivered with real enthusiasm,"In the debate between the senior societies, her defense of the 15th Amendment had been not only a notable bit of reasoning but delivered with real enthusiasm.",0.14814814814814814,0.062111801242236024,9.485,-0.2935959867068699,210.94279098906554,0.022239619503327944
1995-1826-0000,babble,20,wiener,wiener,in the debate between the senior societies her defence of the fifteenth amendment had been not only a notable bit of reasoning but delivered with real enthusiasm,And the debate between the senior society is how the fans of the 15th Amendment have been mainly a notable bit of reasoning but delivered with real enthusiasm.,0.4074074074074074,0.17391304347826086,9.485,-0.41996267182486396,209.8689170088619,0.022126401371519444
1995-1826-0000,babble,20,spectral_sub,spectral_subtraction,in the debate between the senior societies her defence of the fifteenth amendment had been not only a notable bit of reasoning but delivered with real enthusiasm,"In the debate between the senior societies, her defense of the 15th Amendment had been not only a notable bit of reasoning but delivered with real enthusiasm.",0.14814814814814814,0.062111801242236024,9.485,-0.2878958582878113,229.07000000122935,0.024150764364916116
1995-1826-0000,babble,20,adaptive,wiener,in the debate between the senior societies her defence of the fifteenth amendment had been not only a notable bit of reasoning but delivered with real enthusiasm,And the debate between the senior society is how the fans of the 15th Amendment have been mainly a notable bit of reasoning but delivered with real enthusiasm.,0.4074074074074074,0.17391304347826086,9.485,-0.41996267182486396,215.96812500501983,0.022769438587772254
1995-1826-0000,soundtrack,-5,raw,none,in the debate between the senior societies her defence of the fifteenth amendment had been not only a notable bit of reasoning but delivered with real enthusiasm,"In the baby tree the seniors decide, it was hard to fence, so that they take a moment and hit them. Not only a notable bit of reasoning, but the river would be a little enthusiasm.",0.9629629629629629,0.43478260869565216,9.485,-0.7509087285269862,235.58958299690858,0.024838121560032535
1995-1826-0000,soundtrack,-5,wiener,wiener,in the debate between the senior societies her defence of the fifteenth amendment had been not only a notable bit of reasoning but delivered with real enthusiasm,,1.0,1.0,9.485,,255.99024999246467,0.02698895624591088
1995-1826-0000,soundtrack,-5,spectral_sub,spectral_subtraction,in the debate between the senior societies her defence of the fifteenth amendment had been not only a notable bit of reasoning but delivered with real enthusiasm,"In the beginning of the senior society's head events of the 15th Amendment, not only a notable bit of reasoning, but the liver would yield in enthusiasm.",0.5925925925925926,0.3416149068322981,9.485,-0.8015063388927562,261.2108330067713,0.027539360359174623
1995-1826-0000,soundtrack,-5,adaptive,none,in the debate between the senior societies her defence of the fifteenth amendment had been not only a notable bit of reasoning but delivered with real enthusiasm,"In the baby tree the seniors decide, it was hard to fence, so that they take a moment and hit them. Not only a notable bit of reasoning, but the river would be a little enthusiasm.",0.9629629629629629,0.43478260869565216,9.485,-0.7509087285269862,254.228374993545,0.026803202424200846
1995-1826-0000,soundtrack,0,raw,none,in the debate between the senior societies her defence of the fifteenth amendment had been not only a notable bit of reasoning but delivered with real enthusiasm,In the Bay Between the Senior Society's her defense of the 15th Amendment had been not only a notable bit of reasoning but delivered with real enthusiasm.,0.18518518518518517,0.09316770186335403,9.485,-0.3806639584628018,219.3073340022238,0.02312149014256445
1995-1826-0000,soundtrack,0,wiener,wiener,in the debate between the senior societies her defence of the fifteenth amendment had been not only a notable bit of reasoning but delivered with real enthusiasm,"In the big, clean, and serious as far as using the pen and the side of the paper and the pen, not only a notable bit of reasoning, but the little bit of the video in the big, clean, and the same.",1.1111111111111112,0.6459627329192547,9.485,-1.1697308399847575,2738.710000005085,0.2887411702693817
1995-1826-0000,soundtrack,0,spectral_sub,spectral_subtraction,in the debate between the senior societies her defence of the fifteenth amendment had been not only a notable bit of reasoning but delivered with real enthusiasm,"In the Bay Between the Senior Society's her defense of a 15th Amendment, have been not only a notable bit of reasoning, but delivered with real enthusiasm.",0.3333333333333333,0.13664596273291926,9.485,-0.40643011557089315,213.05129199754447,0.022461917975492303
1995-1826-0000,soundtrack,0,adaptive,none,in the debate between the senior societies her defence of the fifteenth amendment had been not only a notable bit of reasoning but delivered with real enthusiasm,In the Bay Between the Senior Society's her defense of the 15th Amendment had been not only a notable bit of reasoning but delivered with real enthusiasm.,0.18518518518518517,0.09316770186335403,9.485,-0.3806639584628018,206.64391700120177,0.021786390827749264
1995-1826-0000,soundtrack,5,raw,none,in the debate between the senior societies her defence of the fifteenth amendment had been not only a notable bit of reasoning but delivered with real enthusiasm,"In the debate between the senior societies, her defense of the 15th Amendment had been not only a notable bit of reasoning, but delivered with real enthusiasm.",0.18518518518518517,0.06832298136645963,9.485,-0.2875767855180634,211.01975000055972,0.022247733263105928
1995-1826-0000,soundtrack,5,wiener,wiener,in the debate between the senior societies her defence of the fifteenth amendment had been not only a notable bit of reasoning but delivered with real enthusiasm,"In the debate, we will see you as a surrounding, so the theme is so that 15th of November will be... Not only a notable bit of reasoning, but the little bit of real enthusiasm.",0.8888888888888888,0.45962732919254656,9.485,-0.8469766080379486,252.7764589904109,0.026650127463406528
1995-1826-0000,soundtrack,5,spectral_sub,spectral_subtraction,in the debate between the senior societies her defence of the fifteenth amendment had been not only a notable bit of reasoning but delivered with real enthusiasm,"In the debate between the senior societies, her defense of the 15th Amendment had been not only a notable bit of reasoning, but delivered with real enthusiasm.",0.18518518518518517,0.06832298136645963,9.485,-0.2903031102485127,215.28066700557247,0.02269696014818898
1995-1826-0000,soundtrack,5,adaptive,none,in the debate between the senior societies her defence of the fifteenth amendment had been not only a notable bit of reasoning but delivered with real enthusiasm,"In the debate between the senior societies, her defense of the 15th Amendment had been not only a notable bit of reasoning, but delivered with real enthusiasm.",0.18518518518518517,0.06832298136645963,9.485,-0.2875767855180634,228.35550000309013,0.024075434897531906
1995-1826-0000,soundtrack,10,raw,none,in the debate between the senior societies her defence of the fifteenth amendment had been not only a notable bit of reasoning but delivered with real enthusiasm,"In the debate between the senior societies, her defense of the 15th Amendment had been not only a notable bit of reasoning, but delivered with real enthusiasm.",0.18518518518518517,0.06832298136645963,9.485,-0.27338111566172707,223.15570899809245,0.023527222878027672
1995-1826-0000,soundtrack,10,wiener,wiener,in the debate between the senior societies her defence of the fifteenth amendment had been not only a notable bit of reasoning but delivered with real enthusiasm,"In the debate between the seniors and counties, how to face over 15 to 9 minutes, have been not only a notable bit of reasoning, but delivered with real enthusiasm.",0.5185185185185185,0.2422360248447205,9.485,-0.5966043416843858,228.60908400616609,0.02410217016406601
1995-1826-0000,soundtrack,10,spectral_sub,spectral_subtraction,in the debate between the senior societies her defence of the fifteenth amendment had been not only a notable bit of reasoning but delivered with real enthusiasm,"In the debate between the senior societies, her defense of the 15th Amendment had been not only a notable bit of reasoning, but delivered with real enthusiasm.",0.18518518518518517,0.06832298136645963,9.485,-0.26585716754198074,224.76941700733732,0.023697355509471517
1995-1826-0000,soundtrack,10,adaptive,none,in the debate between the senior societies her defence of the fifteenth amendment had been not only a notable bit of reasoning but delivered with real enthusiasm,"In the debate between the senior societies, her defense of the 15th Amendment had been not only a notable bit of reasoning, but delivered with real enthusiasm.",0.18518518518518517,0.06832298136645963,9.485,-0.27338111566172707,225.39229200629052,0.023763024987484505
1995-1826-0000,soundtrack,15,raw,none,in the debate between the senior societies her defence of the fifteenth amendment had been not only a notable bit of reasoning but delivered with real enthusiasm,"In the debate between the senior societies, her defense of the 15th Amendment had been not only a notable bit of reasoning but delivered with real enthusiasm.",0.14814814814814814,0.062111801242236024,9.485,-0.2781744020325797,212.81749999616295,0.02243726937228919
1995-1826-0000,soundtrack,15,wiener,wiener,in the debate between the senior societies her defence of the fifteenth amendment had been not only a notable bit of reasoning but delivered with real enthusiasm,"In the debate between the senior society, he's heard a fan saw the 15th amendment have been really a notable bit of reasoning, but delivered with real enthusiasm.",0.4444444444444444,0.19875776397515527,9.485,-0.4494489615871793,236.93441700015683,0.02497990690565702
1995-1826-0000,soundtrack,15,spectral_sub,spectral_subtraction,in the debate between the senior societies her defence of the fifteenth amendment had been not only a notable bit of reasoning but delivered with real enthusiasm,"In the debate between the senior societies, her defense of the 15th Amendment had been not only a notable bit of reasoning, but delivered with real enthusiasm.",0.18518518518518517,0.06832298136645963,9.485,-0.2694674746857749,215.0089589995332,0.022668314074805823
1995-1826-0000,soundtrack,15,adaptive,none,in the debate between the senior societies her defence of the fifteenth amendment had been not only a notable bit of reasoning but delivered with real enthusiasm,"In the debate between the senior societies, her defense of the 15th Amendment had been not only a notable bit of reasoning but delivered with real enthusiasm.",0.14814814814814814,0.062111801242236024,9.485,-0.2781744020325797,224.5665830123471,0.023675970797295425
1995-1826-0000,soundtrack,20,raw,none,in the debate between the senior societies her defence of the fifteenth amendment had been not only a notable bit of reasoning but delivered with real enthusiasm,In the debate between the senior society's her defense of the 15th Amendment had been not only a notable bit of reasoning but delivered with real enthusiasm.,0.14814814814814814,0.06832298136645963,9.485,-0.27727365493774414,227.29287500260398,0.023963402741444807
1995-1826-0000,soundtrack,20,wiener,wiener,in the debate between the senior societies her defence of the fifteenth amendment had been not only a notable bit of reasoning but delivered with real enthusiasm,"In the debate between the senior society, he's heard a fan said the 15th Amendment had been not really a notable bit of reasoning, but delivered with real enthusiasm.",0.37037037037037035,0.17391304347826086,9.485,-0.4693615145461504,227.67120799107943,0.024003290246819128
1995-1826-0000,soundtrack,20,spectral_sub,spectral_subtraction,in the debate between the senior societies her defence of the fifteenth amendment had been not only a notable bit of reasoning but delivered with real enthusiasm,In the debate between the senior society's her defense of the 15th Amendment had been not only a notable bit of reasoning but delivered with real enthusiasm.,0.14814814814814814,0.06832298136645963,9.485,-0.26433703558785576,231.7937080078991,0.024437923880643028
1995-1826-0000,soundtrack,20,adaptive,none,in the debate between the senior societies her defence of the fifteenth amendment had been not only a notable bit of reasoning but delivered with real enthusiasm,In the debate between the senior society's her defense of the 15th Amendment had been not only a notable bit of reasoning but delivered with real enthusiasm.,0.14814814814814814,0.06832298136645963,9.485,-0.27727365493774414,223.18816700135358,0.023530644913163267
2094-142345-0001,white,-5,raw,none,but the windows are patched with wooden panes and the door i think is like the gate it is never opened,"The beginning of the past is written by In the door, it's written. It's written by the two. It's written by the other.",1.0,0.7549019607843137,8.03,-1.1581529898521228,1368.6976669996511,0.17044802826894784
2094-142345-0001,white,-5,wiener,wiener,but the windows are patched with wooden panes and the door i think is like the gate it is never opened,"For the gimbal, you're glipping me. And the bambal, you're glipping me. You're glipping me, you're glipping me.",0.8571428571428571,0.8235294117647058,8.03,-0.9123749705248101,245.19929199595936,0.030535403735486848
2094-142345-0001,white,-5,spectral_sub,spectral_subtraction,but the windows are patched with wooden panes and the door i think is like the gate it is never opened,The gimbals are packed with wooden bays and the door is like a gimme.,0.5714285714285714,0.4411764705882353,8.03,-0.9403652419214663,200.07904100930318,0.02491644346317599
2094-142345-0001,white,-5,adaptive,wiener,but the windows are patched with wooden panes and the door i think is like the gate it is never opened,"For the gimbal, you're glipping me. And the bambal, you're glipping me. You're glipping me, you're glipping me.",0.8571428571428571,0.8235294117647058,8.03,-0.9123749705248101,227.70170799049083,0.02835637708474357
2094-142345-0001,white,0,raw,none,but the windows are patched with wooden panes and the door i think is like the gate it is never opened,The windows are patched with wooden tape and the door I think is like the game.,0.3333333333333333,0.2647058823529412,8.03,-0.7370230704545975,194.4682500034105,0.02421771481985187
2094-142345-0001,white,0,wiener,wiener,but the windows are patched with wooden panes and the door i think is like the gate it is never opened,But the gimbal are matched with the wind and the bow are like this thing. It's like the game. It isn't the bow.,0.6666666666666666,0.46078431372549017,8.03,-0.9109907472455824,227.30124999361578,0.028306506848520024
2094-142345-0001,white,0,spectral_sub,spectral_subtraction,but the windows are patched with wooden panes and the door i think is like the gate it is never opened,"The windows are patch, you've wooden pain, and the door, I think, is like a game. It is never open.",0.42857142857142855,0.23529411764705882,8.03,-0.5792572312057018,237.98179099685512,0.029636586674577227
2094-142345-0001,white,0,adaptive,wiener,but the windows are patched with wooden panes and the door i think is like the gate it is never opened,But the gimbal are matched with the wind and the bow are like this thing. It's like the game. It isn't the bow.,0.6666666666666666,0.46078431372549017,8.03,-0.9109907472455824,227.2967500030063,0.028305946451183853
2094-142345-0001,white,5,raw,none,but the windows are patched with wooden panes and the door i think is like the gate it is never opened,But the windows are patched with wooden paint and the door I think is like the game. It is never open.,0.14285714285714285,0.06862745098039216,8.03,-0.43036485250507084,196.9097499968484,0.024521762141575146
2094-142345-0001,white,5,wiener,wiener,but the windows are patched with wooden panes and the door i think is like the gate it is never opened,"But the window of patch, it wouldn't be. And the door, I think, it's like the game. It is never open.",0.5238095238095238,0.23529411764705882,8.03,-0.4822933466898071,228.89566700905561,0.028505064384689367
2094-142345-0001,white,5,spectral_sub,spectral_subtraction,but the windows are patched with wooden panes and the door i think is like the gate it is never opened,"For the windows are patch, you've wooden panes, and the door I think is like the game. It is never open.",0.2857142857142857,0.1568627450980392,8.03,-0.46899472549557686,207.51387500786223,0.025842325654777364
2094-142345-0001,white,5,adaptive,wiener,but the windows are patched with wooden panes and the door i think is like the gate it is never opened,"But the window of patch, it wouldn't be. And the door, I think, it's like the game. It is never open.",0.5238095238095238,0.23529411764705882,8.03,-0.4822933466898071,224.24929100088775,0.027926437235477927
2094-142345-0001,white,10,raw,none,but the windows are patched with wooden panes and the door i think is like the gate it is never opened,But the windows are patched with wooden panes and the door I think is like the gate. It is never open.,0.09523809523809523,0.029411764705882353,8.03,-0.3778680069693204,227.0791249902686,0.02827884495520157
2094-142345-0001,white,10,wiener,wiener,but the windows are patched with wooden panes and the door i think is like the gate it is never opened,"The windows are patched and wooden things. And the door, I think, is like the game. It is never open.",0.3333333333333333,0.18627450980392157,8.03,-0.4165661735460162,226.47062499891035,0.028203066625019972
2094-142345-0001,white,10,spectral_sub,spectral_subtraction,but the windows are patched with wooden panes and the door i think is like the gate it is never opened,"For the windows are patched with wooden panes, and the door, I think, is like the gate. It is never open.",0.2857142857142857,0.08823529411764706,8.03,-0.31231717951595783,216.35291699203663,0.02694307808120008
2094-142345-0001,white,10,adaptive,wiener,but the windows are patched with wooden panes and the door i think is like the gate it is never opened,"The windows are patched and wooden things. And the door, I think, is like the game. It is never open.",0.3333333333333333,0.18627450980392157,8.03,-0.4165661735460162,237.3049999878276,0.029552303859007176
2094-142345-0001,white,15,raw,none,but the windows are patched with wooden panes and the door i think is like the gate it is never opened,But the windows are patched with wooden panes and the door I think is like the gate. It is never opened.,0.09523809523809523,0.0196078431372549,8.03,-0.34812376005896206,218.14900000754278,0.027166749689606823
2094-142345-0001,white,15,wiener,wiener,but the windows are patched with wooden panes and the door i think is like the gate it is never opened,"The windows are patched with wooden pins, and the door, I think, is like the game. It is never open.",0.2857142857142857,0.12745098039215685,8.03,-0.4592236449321111,242.46604098880198,0.030195023784408716
2094-142345-0001,white,15,spectral_sub,spectral_subtraction,but the windows are patched with wooden panes and the door i think is like the gate it is never opened,"For the windows are patched with wooden panes, and the door, I think, is like the gate. It is never opened.",0.2857142857142857,0.0784313725490196,8.03,-0.3335658023133874,216.54016600223258,0.02696639676242
2094-142345-0001,white,15,adaptive,wiener,but the windows are patched with wooden panes and the door i think is like the gate it is never opened,"The windows are patched with wooden pins, and the door, I think, is like the game. It is never open.",0.2857142857142857,0.12745098039215685,8.03,-0.4592236449321111,235.0997500034282,0.029277677459953702
2094-142345-0001,white,20,raw,none,but the windows are patched with wooden panes and the door i think is like the gate it is never opened,"But the windows are patched with wooden panes, and the door, I think, is like the gate. It has never opened.",0.2857142857142857,0.06862745098039216,8.03,-0.2988400235772133,237.18508299498353,0.02953737023598799
2094-142345-0001,white,20,wiener,wiener,but the windows are patched with wooden panes and the door i think is like the gate it is never opened,"But the windows are patched with wooden pins, and the door, I think, is like the game. It has never opened.",0.2857142857142857,0.09803921568627451,8.03,-0.425815591889043,228.2434170047054,0.02842383773408536
2094-142345-0001,white,20,spectral_sub,spectral_subtraction,but the windows are patched with wooden panes and the door i think is like the gate it is never opened,"For the windows are patched with wooden panes, and the door, I think, is like the gate. It is never opened.",0.2857142857142857,0.0784313725490196,8.03,-0.30763932690024376,235.28224999608938,0.02930040473176705
2094-142345-0001,white,20,adaptive,wiener,but the windows are patched with wooden panes and the door i think is like the gate it is never opened,"But the windows are patched with wooden pins, and the door, I think, is like the game. It has never opened.",0.2857142857142857,0.09803921568627451,8.03,-0.425815591889043,271.0170840000501,0.03375057085928395
2094-142345-0001,pink,-5,raw,none,but the windows are patched with wooden panes and the door i think is like the gate it is never opened,But the windows are patched with wooden panes and the door I think is like the gate. It is never opened.,0.09523809523809523,0.0196078431372549,8.03,-0.32647649995211897,227.86887499387376,0.02837719489338403
2094-142345-0001,pink,-5,wiener,wiener,but the windows are patched with wooden panes and the door i think is like the gate it is never opened,But the windows are patched with wooden panes and the door I think is like the game. It is never open.,0.09523809523809523,0.0392156862745098,8.03,-0.40836707065845357,213.387124997098,0.026573739103001
2094-142345-0001,pink,-5,spectral_sub,spectral_subtraction,but the windows are patched with wooden panes and the door i think is like the gate it is never opened,"But the windows are patched with wooden panes, and the door, I think, is like the gate. It is never opened.",0.23809523809523808,0.049019607843137254,8.03,-0.3313936349004507,217.56816600100137,0.027094416687546873
2094-142345-0001,pink,-5,adaptive,wiener,but the windows are patched with wooden panes and the door i think is like the gate it is never opened,But the windows are patched with wooden panes and the door I think is like the game. It is never open.,0.09523809523809523,0.0392156862745098,8.03,-0.40836707065845357,232.8199589974247,0.028993768243763974
2094-142345-0001,pink,0,raw,none,but the windows are patched with wooden panes and the door i think is like the gate it is never opened,But the windows are patched with wooden panes and the door I think is like the gate. It is never opened.,0.09523809523809523,0.0196078431372549,8.03,-0.3151621900755784,215.3561669983901,0.026818949813000016
2094-142345-0001,pink,0,wiener,wiener,but the windows are patched with wooden panes and the door i think is like the gate it is never opened,"But the windows are patched with wooden panes, and the door I think is like the game. It is never opened.",0.14285714285714285,0.0392156862745098,8.03,-0.4462925056616465,238.02133300341666,0.029641510959329598
2094-142345-0001,pink,0,spectral_sub,spectral_subtraction,but the windows are patched with wooden panes and the door i think is like the gate it is never opened,"But the windows are patched with wooden panes, and the door, I think, is like the gate. It has never opened.",0.2857142857142857,0.06862745098039216,8.03,-0.303376292809844,240.5798340041656,0.029960128767642046
2094-142345-0001,pink,0,adaptive,none,but the windows are patched with wooden panes and the door i think is like the gate it is never opened,But the windows are patched with wooden panes and the door I think is like the gate. It is never opened.,0.09523809523809523,0.0196078431372549,8.03,-0.3151621900755784,219.26612498646136,0.02730586861599768
2094-142345-0001,pink,5,raw,none,but the windows are patched with wooden panes and the door i think is like the gate it is never opened,But the windows are patched with wooden panes and the door I think is like the gate. It has never opened.,0.14285714285714285,0.0392156862745098,8.03,-0.3104172780595977,240.29612500453368,0.02992479763443757
2094-142345-0001,pink,5,wiener,wiener,but the windows are patched with wooden panes and the door i think is like the gate it is never opened,where the windows are patched with wooden panes and the door I think is like the game. It has never opened.,0.19047619047619047,0.09803921568627451,8.03,-0.42453788066732473,204.0266249969136,0.025408047944821124
2094-142345-0001,pink,5,spectral_sub,spectral_subtraction,but the windows are patched with wooden panes and the door i think is like the gate it is never opened,"But the windows are patched with wooden panes, and the door, I think, is like the gate. It has never opened.",0.2857142857142857,0.06862745098039216,8.03,-0.30265988782048225,220.41979200730566,0.02744953823254118
2094-142345-0001,pink,5,adaptive,none,but the windows are patched with wooden panes and the door i think is like the gate it is never opened,But the windows are patched with wooden panes and the door I think is like the gate. It has never opened.,0.14285714285714285,0.0392156862745098,8.03,-0.3104172780595977,210.3108750015963,0.026190644458480235
2094-142345-0001,pink,10,raw,none,but the windows are patched with wooden panes and the door i think is like the gate it is never opened,But the windows are patched with wooden panes and the door I think is like the gate. It has never opened.,0.14285714285714285,0.0392156862745098,8.03,-0.31119163282986345,221.18333300750237,0.027544624284869538
2094-142345-0001,pink,10,wiener,wiener,but the windows are patched with wooden panes and the door i think is like the gate it is never opened,where the windows are patched with wooden panes and the door I think is like the game. It has never opened.,0.19047619047619047,0.09803921568627451,8.03,-0.4414536089732729,219.70637499180157,0.02736069427046097
2094-142345-0001,pink,10,spectral_sub,spectral_subtraction,but the windows are patched with wooden panes and the door i think is like the gate it is never opened,"But the windows are patched with wooden panes, and the door, I think, is like the gate. It has never opened.",0.2857142857142857,0.06862745098039216,8.03,-0.3036201372742653,238.1354579993058,0.029655723287584784
2094-142345-0001,pink,10,adaptive,none,but the windows are patched with wooden panes and the door i think is like the gate it is never opened,But the windows are patched with wooden panes and the door I think is like the gate. It has never opened.,0.14285714285714285,0.0392156862745098,8.03,-0.31119163282986345,217.57754200370982,0.027095584309303842
2094-142345-0001,pink,15,raw,none,but the windows are patched with wooden panes and the door i think is like the gate it is never opened,"But the windows are patched with wooden panes, and the door, I think, is like the gate. It has never opened.",0.2857142857142857,0.06862745098039216,8.03,-0.2869679508730769,226.2412080017384,0.02817449663782546
2094-142345-0001,pink,15,wiener,wiener,but the windows are patched with wooden panes and the door i think is like the gate it is never opened,"With the windows are patched with wooden panes, and the door I think is like the gate. It has never opened.",0.23809523809523808,0.0784313725490196,8.03,-0.5241427699724833,215.69675000500865,0.026861363636987382
2094-142345-0001,pink,15,spectral_sub,spectral_subtraction,but the windows are patched with wooden panes and the door i think is like the gate it is never opened,"But the windows are patched with wooden panes, and the door, I think, is like the gate. It has never opened.",0.2857142857142857,0.06862745098039216,8.03,-0.2961903586983681,215.12683300534263,0.02679039016255824
2094-142345-0001,pink,15,adaptive,none,but the windows are patched with wooden panes and the door i think is like the gate it is never opened,"But the windows are patched with wooden panes, and the door, I think, is like the gate. It has never opened.",0.2857142857142857,0.06862745098039216,8.03,-0.2869679508730769,235.74299999745563,0.029357783312260976
2094-142345-0001,pink,20,raw,none,but the windows are patched with wooden panes and the door i think is like the gate it is never opened,"But the windows are patched with wooden panes, and the door, I think, is like the gate. It has never opened.",0.2857142857142857,0.06862745098039216,8.03,-0.2848776327446103,214.0363329963293,0.026654586923577746
2094-142345-0001,pink,20,wiener,wiener,but the windows are patched with wooden panes and the door i think is like the gate it is never opened,"With the windows are patched with wooden panes, and the door I think is like the gate. It has never opened.",0.23809523809523808,0.0784313725490196,8.03,-0.4977618157863617,233.37508300028276,0.02906289950190321
2094-142345-0001,pink,20,spectral_sub,spectral_subtraction,but the windows are patched with wooden panes and the door i think is like the gate it is never opened,"But the windows are patched with wooden panes, and the door, I think, is like the gate. It has never opened.",0.2857142857142857,0.06862745098039216,8.03,-0.2958273347467184,210.75970800302457,0.02624653897920605
2094-142345-0001,pink,20,adaptive,none,but the windows are patched with wooden panes and the door i think is like the gate it is never opened,"But the windows are patched with wooden panes, and the door, I think, is like the gate. It has never opened.",0.2857142857142857,0.06862745098039216,8.03,-0.2848776327446103,235.9211669972865,0.02937997098347279
2094-142345-0001,babble,-5,raw,none,but the windows are patched with wooden panes and the door i think is like the gate it is never opened,"For the windmill, I can't reach the windmill On the board, I can't reach the windmill It looks like the windmill",0.8095238095238095,0.7254901960784313,8.03,-0.773586341076427,448.9560419897316,0.05590984333620568
2094-142345-0001,babble,-5,wiener,wiener,but the windows are patched with wooden panes and the door i think is like the gate it is never opened,"But the bend won't take you, but the bend won't take you, and the ball won't take you, but not the bend. The bend won't take you for you.",1.1428571428571428,0.8529411764705882,8.03,-0.8896252261267769,2172.8034999978263,0.27058574097108673
2094-142345-0001,babble,-5,spectral_sub,spectral_subtraction,but the windows are patched with wooden panes and the door i think is like the gate it is never opened,"But the windows are attached to the wooden door. On the door, I say, it's like the bridge. It's the windows.",0.6190476190476191,0.4117647058823529,8.03,-0.7940484149115427,242.94666700006928,0.030254877584068408
2094-142345-0001,babble,-5,adaptive,wiener,but the windows are patched with wooden panes and the door i think is like the gate it is never opened,Have you been there? Have you been there? Have you beenincome? Have you been born? Have you been occupied? System Nerf? Are you known?,1.1428571428571428,0.9803921568627451,8.03,-2.490843733151754,2250.7797089929227,0.28029635230297917
2094-142345-0001,babble,0,raw,none,but the windows are patched with wooden panes and the door i think is like the gate it is never opened,The windows are patched with wooden doors and the door I think is like the gate. It is never open.,0.19047619047619047,0.10784313725490197,8.03,-0.5981353918711344,202.14799999666866,0.02517409713532611
2094-142345-0001,babble,0,wiener,wiener,but the windows are patched with wooden panes and the door i think is like the gate it is never opened,"But the window of the couch, with wooden room, and the door of the thing, it might be me. It is never open.",0.6190476190476191,0.35294117647058826,8.03,-0.8437763827187674,226.32412500388455,0.028184822540956982
2094-142345-0001,babble,0,spectral_sub,spectral_subtraction,but the windows are patched with wooden panes and the door i think is like the gate it is never opened,So the windows are packed with wooden doors and the door I think is like the gate. It is never open.,0.23809523809523808,0.11764705882352941,8.03,-0.5106515969548907,202.5339159881696,0.025222156411976292
2094-142345-0001,babble,0,adaptive,wiener,but the windows are patched with wooden panes and the door i think is like the gate it is never opened,"But the window of the couch, with wooden room, and the door of the thing, it might be me. It is never open.",0.6190476190476191,0.35294117647058826,8.03,-0.8437763827187674,238.3652079879539,0.029684334743207214
2094-142345-0001,babble,5,raw,none,but the windows are patched with wooden panes and the door i think is like the gate it is never opened,But the windows are patched with wooden pins and the door I think is like the game. It is never open.,0.14285714285714285,0.058823529411764705,8.03,-0.4077199772000313,203.4990829997696,0.025342351556633825
2094-142345-0001,babble,5,wiener,wiener,but the windows are patched with wooden panes and the door i think is like the gate it is never opened,"But the windows are patched with wooden beams, and the door, I think, is like the beam. It is never open.",0.23809523809523808,0.12745098039215685,8.03,-0.5440289935758037,229.72891600511502,0.028608831382953306
2094-142345-0001,babble,5,spectral_sub,spectral_subtraction,but the windows are patched with wooden panes and the door i think is like the gate it is never opened,"But the windows are patched with wooden beams, and the door, I think, is like the gate. It is never open.",0.23809523809523808,0.09803921568627451,8.03,-0.3823252743290317,207.07583299372345,0.025787774968085115
2094-142345-0001,babble,5,adaptive,wiener,but the windows are patched with wooden panes and the door i think is like the gate it is never opened,"But the windows are patched with wooden beams, and the door, I think, is like the beam. It is never open.",0.23809523809523808,0.12745098039215685,8.03,-0.5440289935758037,211.87633299268782,0.026385595640434353
2094-142345-0001,babble,10,raw,none,but the windows are patched with wooden panes and the door i think is like the gate it is never opened,But the windows are patched with wooden panes and the door I think is like the gate. It is never opened.,0.09523809523809523,0.0196078431372549,8.03,-0.385483219705779,210.96183398913126,0.026271710334885588
2094-142345-0001,babble,10,wiener,wiener,but the windows are patched with wooden panes and the door i think is like the gate it is never opened,"But the windows are patched with wooden pins, and the door, I think, is like the thing. It is never open.",0.23809523809523808,0.12745098039215685,8.03,-0.507618759617661,211.95991600689013,0.026396004484046096
2094-142345-0001,babble,10,spectral_sub,spectral_subtraction,but the windows are patched with wooden panes and the door i think is like the gate it is never opened,"But the windows are patched with wooden panes, and the door, I think, is like the gate. It is never open.",0.23809523809523808,0.058823529411764705,8.03,-0.34454016014933586,208.35983300639782,0.025947675343262495
2094-142345-0001,babble,10,adaptive,wiener,but the windows are patched with wooden panes and the door i think is like the gate it is never opened,"But the windows are patched with wooden pins, and the door, I think, is like the thing. It is never open.",0.23809523809523808,0.12745098039215685,8.03,-0.507618759617661,215.1529999973718,0.026793648816609193
2094-142345-0001,babble,15,raw,none,but the windows are patched with wooden panes and the door i think is like the gate it is never opened,"But the windows are patched with wooden panes, and the door, I think, is like the gate. It is never opened.",0.23809523809523808,0.049019607843137254,8.03,-0.3307873150333762,204.50649999838788,0.025467808218977324
2094-142345-0001,babble,15,wiener,wiener,but the windows are patched with wooden panes and the door i think is like the gate it is never opened,"But the windows are patched with wooden pins, and the door, I think, is like the game. It is never open.",0.23809523809523808,0.08823529411764706,8.03,-0.5012489665638317,218.22633298870642,0.02717638019784638
2094-142345-0001,babble,15,spectral_sub,spectral_subtraction,but the windows are patched with wooden panes and the door i think is like the gate it is never opened,"For the windows are patched with wooden panes, and the door, I think, is like the gate. It is never opened.",0.2857142857142857,0.0784313725490196,8.03,-0.32398028392344713,221.10929200425744,0.02753540373652023
2094-142345-0001,babble,15,adaptive,wiener,but the windows are patched with wooden panes and the door i think is like the gate it is never opened,"But the windows are patched with wooden pins, and the door, I think, is like the game. It is never open.",0.23809523809523808,0.08823529411764706,8.03,-0.5012489665638317,205.25045799149666,0.02556045554065961
2094-142345-0001,babble,20,raw,none,but the windows are patched with wooden panes and the door i think is like the gate it is never opened,"But the windows are patched with wooden panes, and the door, I think, is like the gate. It has never opened.",0.2857142857142857,0.06862745098039216,8.03,-0.28989471960812807,227.1444159996463,0.028286975840553712
2094-142345-0001,babble,20,wiener,wiener,but the windows are patched with wooden panes and the door i think is like the gate it is never opened,"But the windows are patched with wooden panes, and the door, I think, is like the game. It has never opened.",0.2857142857142857,0.0784313725490196,8.03,-0.4895078595727682,224.13950000191107,0.02791276463286564
2094-142345-0001,babble,20,spectral_sub,spectral_subtraction,but the windows are patched with wooden panes and the door i think is like the gate it is never opened,"But the windows are patched with wooden panes, and the door, I think, is like the gate. It has never opened.",0.2857142857142857,0.06862745098039216,8.03,-0.3086110670119524,209.0662499977043,0.026035647571320587
2094-142345-0001,babble,20,adaptive,wiener,but the windows are patched with wooden panes and the door i think is like the gate it is never opened,"But the windows are patched with wooden panes, and the door, I think, is like the game. It has never opened.",0.2857142857142857,0.0784313725490196,8.03,-0.4895078595727682,215.67399999185,0.026858530509570364
2094-142345-0001,soundtrack,-5,raw,none,but the windows are patched with wooden panes and the door i think is like the gate it is never opened,"But the windows are patched with wooden panes. And the door, I think, is like the gate. It is never open.",0.23809523809523808,0.058823529411764705,8.03,-0.3003660878714393,209.7403329971712,0.026119593150332656
2094-142345-0001,soundtrack,-5,wiener,wiener,but the windows are patched with wooden panes and the door i think is like the gate it is never opened,for the windows with wood and pea and the door is ringing just like the heat,0.6666666666666666,0.5,8.03,-0.752441928936885,193.68508300976828,0.02412018468365732
2094-142345-0001,soundtrack,-5,spectral_sub,spectral_subtraction,but the windows are patched with wooden panes and the door i think is like the gate it is never opened,But the windows are patched with wooden paint and the door I think is like the gate. It is never open.,0.14285714285714285,0.058823529411764705,8.03,-0.40906465479305815,207.78395800152794,0.02587595990056388
2094-142345-0001,soundtrack,-5,adaptive,none,but the windows are patched with wooden panes and the door i think is like the gate it is never opened,"But the windows are patched with wooden panes. And the door, I think, is like the gate. It is never open.",0.23809523809523808,0.058823529411764705,8.03,-0.3003660878714393,210.69416700629517,0.02623837696217873
2094-142345-0001,soundtrack,0,raw,none,but the windows are patched with wooden panes and the door i think is like the gate it is never opened,But the windows are patched with wooden panes and the door I think is like the gate. It has never opened.,0.14285714285714285,0.0392156862745098,8.03,-0.41172702970175906,212.2733750002226,0.026435040473253128
2094-142345-0001,soundtrack,0,wiener,wiener,but the windows are patched with wooden panes and the door i think is like the gate it is never opened,But the windows are attached with wooden paint and the door is made. It is like the paint. It is my road.,0.38095238095238093,0.28431372549019607,8.03,-0.6271872341632843,230.29495899390895,0.02867932241518169
2094-142345-0001,soundtrack,0,spectral_sub,spectral_subtraction,but the windows are patched with wooden panes and the door i think is like the gate it is never opened,"But the windows are patched with wooden panes, and the door, I think, is like the gate. It is never opened.",0.23809523809523808,0.049019607843137254,8.03,-0.3609702419489622,209.27658400614746,0.026061841096655974
2094-142345-0001,soundtrack,0,adaptive,none,but the windows are patched with wooden panes and the door i think is like the gate it is never opened,But the windows are patched with wooden panes and the door I think is like the gate. It has never opened.,0.14285714285714285,0.0392156862745098,8.03,-0.41172702970175906,205.8433329948457,0.02563428804419
2094-142345-0001,soundtrack,5,raw,none,but the windows are patched with wooden panes and the door i think is like the gate it is never opened,"But the windows are patched with wooden panes, and the door, I think, is like the gate. It has never opened.",0.2857142857142857,0.06862745098039216,8.03,-0.33029298577457666,216.29241699702106,0.026935543835245466
2094-142345-0001,soundtrack,5,wiener,wiener,but the windows are patched with wooden panes and the door i think is like the gate it is never opened,But the windows are attached with wooden pins and the door I think is like the game. It is never open.,0.19047619047619047,0.08823529411764706,8.03,-0.49004665655749186,209.66545899864286,0.02611026886658068
2094-142345-0001,soundtrack,5,spectral_sub,spectral_subtraction,but the windows are patched with wooden panes and the door i think is like the gate it is never opened,"But the windows are patched with wooden panes, and the door, I think, is like the gate. It has never opened.",0.2857142857142857,0.06862745098039216,8.03,-0.2913500778377056,222.26445900741965,0.027679260150363594
2094-142345-0001,soundtrack,5,adaptive,none,but the windows are patched with wooden panes and the door i think is like the gate it is never opened,"But the windows are patched with wooden panes, and the door, I think, is like the gate. It has never opened.",0.2857142857142857,0.06862745098039216,8.03,-0.33029298577457666,221.06399999756832,0.02752976338699481
2094-142345-0001,soundtrack,10,raw,none,but the windows are patched with wooden panes and the door i think is like the gate it is never opened,"But the windows are patched with wooden panes, and the door, I think, is like the gate. It has never opened.",0.2857142857142857,0.06862745098039216,8.03,-0.29235709831118584,207.2144580015447,0.025805038356356752
2094-142345-0001,soundtrack,10,wiener,wiener,but the windows are patched with wooden panes and the door i think is like the gate it is never opened,But the windows are patched with wooden pins and the door I think is like the game. It is never open.,0.14285714285714285,0.058823529411764705,8.03,-0.5125183569533485,212.44916699652094,0.026456932378147068
2094-142345-0001,soundtrack,10,spectral_sub,spectral_subtraction,but the windows are patched with wooden panes and the door i think is like the gate it is never opened,"But the windows are patched with wooden panes, and the door, I think, is like the gate. It has never opened.",0.2857142857142857,0.06862745098039216,8.03,-0.2754169525578618,208.20774999447167,0.025928735989348903
2094-142345-0001,soundtrack,10,adaptive,none,but the windows are patched with wooden panes and the door i think is like the gate it is never opened,"But the windows are patched with wooden panes, and the door, I think, is like the gate. It has never opened.",0.2857142857142857,0.06862745098039216,8.03,-0.29235709831118584,205.67720899998676,0.025613600124531354
2094-142345-0001,soundtrack,15,raw,none,but the windows are patched with wooden panes and the door i think is like the gate it is never opened,"But the windows are patched with wooden panes, and the door, I think, is like the gate. It has never opened.",0.2857142857142857,0.06862745098039216,8.03,-0.28244577068835497,233.22449999977835,0.029044146948913867
2094-142345-0001,soundtrack,15,wiener,wiener,but the windows are patched with wooden panes and the door i think is like the gate it is never opened,"For the windows are patched with wooden panes and the door, I think, is like the gate. It is never open.",0.23809523809523808,0.0784313725490196,8.03,-0.5074043812290314,202.2478340077214,0.025186529764348868
2094-142345-0001,soundtrack,15,spectral_sub,spectral_subtraction,but the windows are patched with wooden panes and the door i think is like the gate it is never opened,"But the windows are patched with wooden panes, and the door, I think, is like the gate. It has never opened.",0.2857142857142857,0.06862745098039216,8.03,-0.2810839544981718,216.8251249968307,0.027001883561249156
2094-142345-0001,soundtrack,15,adaptive,none,but the windows are patched with wooden panes and the door i think is like the gate it is never opened,"But the windows are patched with wooden panes, and the door, I think, is like the gate. It has never opened.",0.2857142857142857,0.06862745098039216,8.03,-0.28244577068835497,205.58395799889695,0.02560198729749651
2094-142345-0001,soundtrack,20,raw,none,but the windows are patched with wooden panes and the door i think is like the gate it is never opened,"But the windows are patched with wooden panes, and the door, I think, is like the gate. It has never opened.",0.2857142857142857,0.06862745098039216,8.03,-0.2730056755244732,215.1750839984743,0.026796399003545992
2094-142345-0001,soundtrack,20,wiener,wiener,but the windows are patched with wooden panes and the door i think is like the gate it is never opened,where the windows are patched with wooden panes and the door I think is like the gate. It is never opened.,0.14285714285714285,0.06862745098039216,8.03,-0.49168814461806726,213.66337499057408,0.026608141343782577
2094-142345-0001,soundtrack,20,spectral_sub,spectral_subtraction,but the windows are patched with wooden panes and the door i think is like the gate it is never opened,"But the windows are patched with wooden panes, and the door, I think, is like the gate. It has never opened.",0.2857142857142857,0.06862745098039216,8.03,-0.2876741932705045,219.3356249917997,0.027314523660249033
2094-142345-0001,soundtrack,20,adaptive,none,but the windows are patched with wooden panes and the door i think is like the gate it is never opened,"But the windows are patched with wooden panes, and the door, I think, is like the gate. It has never opened.",0.2857142857142857,0.06862745098039216,8.03,-0.2730056755244732,219.2212079971796,0.027300274968515517
2300-131720-0000,white,-5,raw,none,the paris plant like that at the crystal palace was a temporary exhibit,"The time, like that is a good place for him. Was it time for a new dinner?",1.0,0.6901408450704225,5.08,-1.1181180953979493,1093.4952499956125,0.21525497047157727
2300-131720-0000,white,-5,wiener,wiener,the paris plant like that at the crystal palace was a temporary exhibit,I can't even get the camera. I can't even get the camera.,1.0,0.7323943661971831,5.08,-0.8539560295286632,206.40537500730716,0.04063097933214708
2300-131720-0000,white,-5,spectral_sub,spectral_subtraction,the paris plant like that at the crystal palace was a temporary exhibit,The time I've had at first prepared was attempt when we did it.,0.9230769230769231,0.5774647887323944,5.08,-0.8376363979445564,178.05616700206883,0.0350504265752104
2300-131720-0000,white,-5,adaptive,wiener,the paris plant like that at the crystal palace was a temporary exhibit,I can't even get the camera. I can't even get the camera.,1.0,0.7323943661971831,5.08,-0.8539560295286632,180.46341701119673,0.03552429468724345
2300-131720-0000,white,0,raw,none,the paris plant like that at the crystal palace was a temporary exhibit,"The Paris time, like that as a first-order time, was a temporary exhibit.",0.46153846153846156,0.3380281690140845,5.08,-0.8902369226728167,194.65837499592453,0.03831857775510326
2300-131720-0000,white,0,wiener,wiener,the paris plant like that at the crystal palace was a temporary exhibit,"The patch, like that, it could be done. But it can be done, you did it.",1.1538461538461537,0.676056338028169,5.08,-1.0861603113321157,1026.5245409973431,0.20207176003884708
2300-131720-0000,white,0,spectral_sub,spectral_subtraction,the paris plant like that at the crystal palace was a temporary exhibit,"The Paris time, like that of the first of the past, was a temporary exhibit.",0.5384615384615384,0.30985915492957744,5.08,-0.7197786512829009,193.1392499973299,0.03801953740104919
2300-131720-0000,white,0,adaptive,wiener,the paris plant like that at the crystal palace was a temporary exhibit,"The patch, like that at the critical time, was it temporary? It did it.",0.6923076923076923,0.4084507042253521,5.08,-1.0414526151574177,1218.0253749975236,0.23976877460581172
2300-131720-0000,white,5,raw,none,the paris plant like that at the crystal palace was a temporary exhibit,"The Paris plan, like that at the Crystal Palace, was a temporary exhibit.",0.23076923076923078,0.04225352112676056,5.08,-0.3497239163047389,180.395834002411,0.035510990945356494
2300-131720-0000,white,5,wiener,wiener,the paris plant like that at the crystal palace was a temporary exhibit,"The parents' mind, like that at the different levels, was a temporary exhibit.",0.38461538461538464,0.3380281690140845,5.08,-0.8212419748306274,202.64358399435878,0.0398904692902281
2300-131720-0000,white,5,spectral_sub,spectral_subtraction,the paris plant like that at the crystal palace was a temporary exhibit,"The Paris plan, like that of the Crystal Palace, was a temporary exhibit.",0.3076923076923077,0.07042253521126761,5.08,-0.3452031518283643,180.6164580048062,0.035554420867087835
2300-131720-0000,white,5,adaptive,wiener,the paris plant like that at the crystal palace was a temporary exhibit,"The parents' mind, like that at the different levels, was a temporary exhibit.",0.38461538461538464,0.3380281690140845,5.08,-0.8212419748306274,179.44925000483636,0.035324655512763065
2300-131720-0000,white,10,raw,none,the paris plant like that at the crystal palace was a temporary exhibit,"The Paris plant, like that at the Crystal Palace, was a temporary exhibit.",0.23076923076923078,0.04225352112676056,5.08,-0.3113936248578523,186.5703749936074,0.03672645177039516
2300-131720-0000,white,10,wiener,wiener,the paris plant like that at the crystal palace was a temporary exhibit,"The parents' plan, like that at the principal problem, was a temporary exhibit.",0.38461538461538464,0.2535211267605634,5.08,-0.5924734592437744,182.53558299329598,0.03593220137663307
2300-131720-0000,white,10,spectral_sub,spectral_subtraction,the paris plant like that at the crystal palace was a temporary exhibit,"The Paris plan, like that of the Crystal Palace, was a temporary exhibit.",0.3076923076923077,0.07042253521126761,5.08,-0.3181254612772088,180.59824999363627,0.03555083661292052
2300-131720-0000,white,10,adaptive,wiener,the paris plant like that at the crystal palace was a temporary exhibit,"The parents' plan, like that at the principal problem, was a temporary exhibit.",0.38461538461538464,0.2535211267605634,5.08,-0.5924734592437744,208.71945799444802,0.04108650747922205
2300-131720-0000,white,15,raw,none,the paris plant like that at the crystal palace was a temporary exhibit,"The Paris plant, like that at the Crystal Palace, was a temporary exhibit.",0.23076923076923078,0.04225352112676056,5.08,-0.27605713041205154,219.27608399710152,0.04316458346399636
2300-131720-0000,white,15,wiener,wiener,the paris plant like that at the crystal palace was a temporary exhibit,"The parents' plan, like that at the principal problems, was a temporary exhibit.",0.38461538461538464,0.2676056338028169,5.08,-0.530126866698265,190.4873749881517,0.037497514761447186
2300-131720-0000,white,15,spectral_sub,spectral_subtraction,the paris plant like that at the crystal palace was a temporary exhibit,"The Paris plant, like that of the Crystal Palace, was a temporary exhibit.",0.3076923076923077,0.07042253521126761,5.08,-0.3263924247340152,197.9171669954667,0.0389600722432021
2300-131720-0000,white,15,adaptive,wiener,the paris plant like that at the crystal palace was a temporary exhibit,"The parents' plan, like that at the principal problems, was a temporary exhibit.",0.38461538461538464,0.2676056338028169,5.08,-0.530126866698265,189.096417001565,0.037223704134166334
2300-131720-0000,white,20,raw,none,the paris plant like that at the crystal palace was a temporary exhibit,"The Paris plant, like that at the Crystal Palace, was a temporary exhibit.",0.23076923076923078,0.04225352112676056,5.08,-0.23872998513673482,193.20275000063702,0.0380320374017002
2300-131720-0000,white,20,wiener,wiener,the paris plant like that at the crystal palace was a temporary exhibit,"The parents' plan, like that at the principal problems, was a temporary exhibit.",0.38461538461538464,0.2676056338028169,5.08,-0.45032115578651427,207.05229199666064,0.04075832519619304
2300-131720-0000,white,20,spectral_sub,spectral_subtraction,the paris plant like that at the crystal palace was a temporary exhibit,"The Paris plant, like that of the Crystal Palace, was a temporary exhibit.",0.3076923076923077,0.07042253521126761,5.08,-0.30036429668727677,186.31079098850023,0.036675352556791385
2300-131720-0000,white,20,adaptive,wiener,the paris plant like that at the crystal palace was a temporary exhibit,"The parents' plan, like that at the principal problems, was a temporary exhibit.",0.38461538461538464,0.2676056338028169,5.08,-0.45032115578651427,184.39979100367054,0.03629917145741546
2300-131720-0000,pink,-5,raw,none,the paris plant like that at the crystal palace was a temporary exhibit,"The Paris plant, like that at the Crystal Palace, was a temporary exhibit.",0.23076923076923078,0.04225352112676056,5.08,-0.2469307121477629,204.4107499968959,0.04023833661356219
2300-131720-0000,pink,-5,wiener,wiener,the paris plant like that at the crystal palace was a temporary exhibit,"The Paris fan, like that at the Crystal Palace, was a temporary exhibit.",0.23076923076923078,0.07042253521126761,5.08,-0.4793149295606111,193.79625000874512,0.0381488681119577
2300-131720-0000,pink,-5,spectral_sub,spectral_subtraction,the paris plant like that at the crystal palace was a temporary exhibit,"The Paris plant, like that at the Crystal Palace, was a temporary exhibit.",0.23076923076923078,0.04225352112676056,5.08,-0.2332535778221331,192.65204199473374,0.03792363031392396
2300-131720-0000,pink,-5,adaptive,none,the paris plant like that at the crystal palace was a temporary exhibit,"The Paris plant, like that at the Crystal Palace, was a temporary exhibit.",0.23076923076923078,0.04225352112676056,5.08,-0.2469307121477629,212.10220799548551,0.04175240314871762
2300-131720-0000,pink,0,raw,none,the paris plant like that at the crystal palace was a temporary exhibit,"The Paris plant, like that at the Crystal Palace, was a temporary exhibit.",0.23076923076923078,0.04225352112676056,5.08,-0.25328520410939265,190.08329100324772,0.037417970669930654
2300-131720-0000,pink,0,wiener,wiener,the paris plant like that at the crystal palace was a temporary exhibit,"The Paris plan, like that at the Christmas Palace, was a temporary exhibit.",0.3076923076923077,0.09859154929577464,5.08,-0.4435826257655495,193.84004099993035,0.03815748838581306
2300-131720-0000,pink,0,spectral_sub,spectral_subtraction,the paris plant like that at the crystal palace was a temporary exhibit,"The Paris plant, like that at the Crystal Palace, was a temporary exhibit.",0.23076923076923078,0.04225352112676056,5.08,-0.22400966914076553,195.04816699190997,0.038395308462974405
2300-131720-0000,pink,0,adaptive,none,the paris plant like that at the crystal palace was a temporary exhibit,"The Paris plant, like that at the Crystal Palace, was a temporary exhibit.",0.23076923076923078,0.04225352112676056,5.08,-0.25328520410939265,179.3069999985164,0.03529665354301504
2300-131720-0000,pink,5,raw,none,the paris plant like that at the crystal palace was a temporary exhibit,"The Paris plant, like that at the Crystal Palace, was a temporary exhibit.",0.23076923076923078,0.04225352112676056,5.08,-0.25373519408075434,176.6914580075536,0.03478178307235307
2300-131720-0000,pink,5,wiener,wiener,the paris plant like that at the crystal palace was a temporary exhibit,"The Paris plan, like that at the Crystal Palace, was a temporary exhibit.",0.23076923076923078,0.04225352112676056,5.08,-0.39220835660633285,192.9472500050906,0.03798174212698634
2300-131720-0000,pink,5,spectral_sub,spectral_subtraction,the paris plant like that at the crystal palace was a temporary exhibit,"The Paris plant, like that at the Crystal Palace, was a temporary exhibit.",0.23076923076923078,0.04225352112676056,5.08,-0.23689295429932444,176.67454200272914,0.03477845315014353
2300-131720-0000,pink,5,adaptive,none,the paris plant like that at the crystal palace was a temporary exhibit,"The Paris plant, like that at the Crystal Palace, was a temporary exhibit.",0.23076923076923078,0.04225352112676056,5.08,-0.25373519408075434,178.85095899691805,0.0352068816923067
2300-131720-0000,pink,10,raw,none,the paris plant like that at the crystal palace was a temporary exhibit,"The Paris plant, like that at the Crystal Palace, was a temporary exhibit.",0.23076923076923078,0.04225352112676056,5.08,-0.2648497035628871,191.7538749985397,0.03774682578711411
2300-131720-0000,pink,10,wiener,wiener,the paris plant like that at the crystal palace was a temporary exhibit,"The Paris plant, like that at the Christmas palace, was a temporary exhibit.",0.3076923076923077,0.09859154929577464,5.08,-0.46708738803863525,194.44979199033696,0.03827751810833405
2300-131720-0000,pink,10,spectral_sub,spectral_subtraction,the paris plant like that at the crystal palace was a temporary exhibit,"The Paris plant, like that at the Crystal Palace, was a temporary exhibit.",0.23076923076923078,0.04225352112676056,5.08,-0.2536002648504157,185.61383298947476,0.036538156100290306
2300-131720-0000,pink,10,adaptive,none,the paris plant like that at the crystal palace was a temporary exhibit,"The Paris plant, like that at the Crystal Palace, was a temporary exhibit.",0.23076923076923078,0.04225352112676056,5.08,-0.2648497035628871,194.09904099302366,0.03820847263642198
2300-131720-0000,pink,15,raw,none,the paris plant like that at the crystal palace was a temporary exhibit,"The Paris plant, like that at the Crystal Palace, was a temporary exhibit.",0.23076923076923078,0.04225352112676056,5.08,-0.2708219666230051,195.55691699497402,0.03849545610137284
2300-131720-0000,pink,15,wiener,wiener,the paris plant like that at the crystal palace was a temporary exhibit,"The Paris plant, like that at the Christmas palace, was a temporary exhibit.",0.3076923076923077,0.09859154929577464,5.08,-0.44339089017165334,191.91545799549203,0.03777863346367953
2300-131720-0000,pink,15,spectral_sub,spectral_subtraction,the paris plant like that at the crystal palace was a temporary exhibit,"The Paris plant, like that of the Crystal Palace, was a temporary exhibit.",0.3076923076923077,0.07042253521126761,5.08,-0.27010962837620783,228.03520799789112,0.04488882047202581
2300-131720-0000,pink,15,adaptive,none,the paris plant like that at the crystal palace was a temporary exhibit,"The Paris plant, like that at the Crystal Palace, was a temporary exhibit.",0.23076923076923078,0.04225352112676056,5.08,-0.2708219666230051,185.18370798847172,0.03645348582450231
2300-131720-0000,pink,20,raw,none,the paris plant like that at the crystal palace was a temporary exhibit,"The Paris plant, like that of the Crystal Palace, was a temporary exhibit.",0.3076923076923077,0.07042253521126761,5.08,-0.28621397834075124,183.6781250021886,0.03615711122090327
2300-131720-0000,pink,20,wiener,wiener,the paris plant like that at the crystal palace was a temporary exhibit,"The Paris plant, like that at the Christmas palace, was a temporary exhibit.",0.3076923076923077,0.09859154929577464,5.08,-0.43530634516163874,207.2512500017183,0.04079749015781856
2300-131720-0000,pink,20,spectral_sub,spectral_subtraction,the paris plant like that at the crystal palace was a temporary exhibit,"The Paris plant, like that of the Crystal Palace, was a temporary exhibit.",0.3076923076923077,0.07042253521126761,5.08,-0.26372622502477544,182.42395800189115,0.035910227953128177
2300-131720-0000,pink,20,adaptive,none,the paris plant like that at the crystal palace was a temporary exhibit,"The Paris plant, like that of the Crystal Palace, was a temporary exhibit.",0.3076923076923077,0.07042253521126761,5.08,-0.28621397834075124,215.08820899180137,0.04234019862043334
2300-131720-0000,babble,-5,raw,none,the paris plant like that at the crystal palace was a temporary exhibit,"The terror, like that is a simple thing. It was a temporary drill.",0.6153846153846154,0.5070422535211268,5.08,-1.0050126484462194,1186.0464999917895,0.23347372047082468
2300-131720-0000,babble,-5,wiener,wiener,the paris plant like that at the crystal palace was a temporary exhibit,"Look at me, like madam, look at me, look at me, look at me, look at me.",1.1538461538461537,0.8169014084507042,5.08,-0.7023704140274613,405.072374996962,0.07973865649546497
2300-131720-0000,babble,-5,spectral_sub,spectral_subtraction,the paris plant like that at the crystal palace was a temporary exhibit,"The parents, like that of the social health, will attract really good.",0.6923076923076923,0.5492957746478874,5.08,-1.1555460294087727,1028.2157500041649,0.20240467519767025
2300-131720-0000,babble,-5,adaptive,wiener,the paris plant like that at the crystal palace was a temporary exhibit,"Look at me, like magic, look at me, look at me, look at me, look at me.",1.1538461538461537,0.8169014084507042,5.08,-0.7201312826229975,378.26174999645445,0.07446097440875088
2300-131720-0000,babble,0,raw,none,the paris plant like that at the crystal palace was a temporary exhibit,"The Paris time, like that as a crystal panel, was a temporary exhibit.",0.38461538461538464,0.19718309859154928,5.08,-0.6128799036929482,202.33766599267256,0.039830249211156014
2300-131720-0000,babble,0,wiener,wiener,the paris plant like that at the crystal palace was a temporary exhibit,"The parent, like that of the picture of the parent, was a temporary algorithm.",0.6153846153846154,0.4647887323943662,5.08,-0.9114837914705276,393.5140829999,0.07746340216533464
2300-131720-0000,babble,0,spectral_sub,spectral_subtraction,the paris plant like that at the crystal palace was a temporary exhibit,"The Paris time, like that of the Crystal Palace, was a temporary exhibit.",0.3076923076923077,0.1267605633802817,5.08,-0.529646214685942,212.56370800256263,0.04184324960680367
2300-131720-0000,babble,0,adaptive,wiener,the paris plant like that at the crystal palace was a temporary exhibit,"The parent, like that of the picture of the parent, was a temporary algorithm.",0.6153846153846154,0.4647887323943662,5.08,-0.9114837914705276,377.6415839965921,0.07433889448751813
2300-131720-0000,babble,5,raw,none,the paris plant like that at the crystal palace was a temporary exhibit,"The Paris plan, like that at the Crystal Palace, was a temporary exhibit.",0.23076923076923078,0.04225352112676056,5.08,-0.3549950781621431,206.36466699943412,0.040622965944770495
2300-131720-0000,babble,5,wiener,wiener,the paris plant like that at the crystal palace was a temporary exhibit,The parent like that at the victim of the problem was a temporary exhibit.,0.5384615384615384,0.323943661971831,5.08,-0.7722923457622528,190.91858399042394,0.0375823984233118
2300-131720-0000,babble,5,spectral_sub,spectral_subtraction,the paris plant like that at the crystal palace was a temporary exhibit,"The Paris plan, like that of the Crystal Palace, was a temporary exhibit.",0.3076923076923077,0.07042253521126761,5.08,-0.3091389599599336,204.10983300826047,0.04017910098587804
2300-131720-0000,babble,5,adaptive,wiener,the paris plant like that at the crystal palace was a temporary exhibit,The parent like that at the victim of the problem was a temporary exhibit.,0.5384615384615384,0.323943661971831,5.08,-0.7722923457622528,202.7801670046756,0.03991735570958181
2300-131720-0000,babble,10,raw,none,the paris plant like that at the crystal palace was a temporary exhibit,"The Paris plan, like that at the Crystal Palace, was a temporary exhibit.",0.23076923076923078,0.04225352112676056,5.08,-0.35654429385536596,188.20870798663236,0.037048958265085113
2300-131720-0000,babble,10,wiener,wiener,the paris plant like that at the crystal palace was a temporary exhibit,"The parent's mind, like that at the first one of the problems, was a temporary exhibit.",0.6153846153846154,0.43661971830985913,5.08,-0.7245891560678897,199.38366700080223,0.03924875334661461
2300-131720-0000,babble,10,spectral_sub,spectral_subtraction,the paris plant like that at the crystal palace was a temporary exhibit,"The Paris plant, like that at the Crystal Palace, was a temporary exhibit.",0.23076923076923078,0.04225352112676056,5.08,-0.3221475325132671,219.5829580014106,0.04322499173256114
2300-131720-0000,babble,10,adaptive,wiener,the paris plant like that at the crystal palace was a temporary exhibit,"The parent's mind, like that at the first one of the problems, was a temporary exhibit.",0.6153846153846154,0.43661971830985913,5.08,-0.7245891560678897,195.37833299546037,0.038460301770759917
2300-131720-0000,babble,15,raw,none,the paris plant like that at the crystal palace was a temporary exhibit,"The Paris plant, like that at the Crystal Palace, was a temporary exhibit.",0.23076923076923078,0.04225352112676056,5.08,-0.31118192798212957,183.20520801353268,0.03606401732549856
2300-131720-0000,babble,15,wiener,wiener,the paris plant like that at the crystal palace was a temporary exhibit,"The parents' plan, like that at the personal problems, was a temporary exhibit.",0.38461538461538464,0.2535211267605634,5.08,-0.4165432497859001,202.9904590017395,0.03995875177199597
2300-131720-0000,babble,15,spectral_sub,spectral_subtraction,the paris plant like that at the crystal palace was a temporary exhibit,"The Paris plant, like that of the Crystal Palace, was a temporary exhibit.",0.3076923076923077,0.07042253521126761,5.08,-0.30186698311253596,180.2121250075288,0.03547482775738756
2300-131720-0000,babble,15,adaptive,wiener,the paris plant like that at the crystal palace was a temporary exhibit,"The parents' plan, like that at the personal problems, was a temporary exhibit.",0.38461538461538464,0.2535211267605634,5.08,-0.4165432497859001,180.34975000773557,0.03550191929286133
2300-131720-0000,babble,20,raw,none,the paris plant like that at the crystal palace was a temporary exhibit,"The Paris plant, like that at the Crystal Palace, was a temporary exhibit.",0.23076923076923078,0.04225352112676056,5.08,-0.26677276272522776,209.06129200011492,0.041153797637817895
2300-131720-0000,babble,20,wiener,wiener,the paris plant like that at the crystal palace was a temporary exhibit,"The parents' plan, like that at the Christmas Palace, was a temporary exhibit.",0.38461538461538464,0.15492957746478872,5.08,-0.436593671143055,184.0610000072047,0.03623248031637888
2300-131720-0000,babble,20,spectral_sub,spectral_subtraction,the paris plant like that at the crystal palace was a temporary exhibit,"The Paris plant, like that at the Crystal Palace, was a temporary exhibit.",0.23076923076923078,0.04225352112676056,5.08,-0.25307263198651764,180.74541600071825,0.035579806299353985
2300-131720-0000,babble,20,adaptive,wiener,the paris plant like that at the crystal palace was a temporary exhibit,"The parents' plan, like that at the Christmas Palace, was a temporary exhibit.",0.38461538461538464,0.15492957746478872,5.08,-0.436593671143055,205.7368329988094,0.04049937657456878
2300-131720-0000,soundtrack,-5,raw,none,the paris plant like that at the crystal palace was a temporary exhibit,"The Paris land, like that of the Crystal Palace, was a temporary exhibit.",0.3076923076923077,0.09859154929577464,5.08,-0.31292750960902166,178.7056670000311,0.03517828090551793
2300-131720-0000,soundtrack,-5,wiener,wiener,the paris plant like that at the crystal palace was a temporary exhibit,"The personal...like that? The personal pose. But that's it, we're really in trouble.",0.9230769230769231,0.704225352112676,5.08,-1.0310306463922774,1038.1145830033347,0.20435326437073517
2300-131720-0000,soundtrack,-5,spectral_sub,spectral_subtraction,the paris plant like that at the crystal palace was a temporary exhibit,"The Paris Land, like that at the Crystal Palace, was a temporary exhibit.",0.23076923076923078,0.07042253521126761,5.08,-0.30657423169989334,175.5612909910269,0.03455930925020215
2300-131720-0000,soundtrack,-5,adaptive,none,the paris plant like that at the crystal palace was a temporary exhibit,"The Paris land, like that of the Crystal Palace, was a temporary exhibit.",0.3076923076923077,0.09859154929577464,5.08,-0.31292750960902166,180.7636659941636,0.03558339881774874
2300-131720-0000,soundtrack,0,raw,none,the paris plant like that at the crystal palace was a temporary exhibit,"The Paris land, like that of the Crystal Palace, was a temporary exhibit.",0.3076923076923077,0.09859154929577464,5.08,-0.30960394206799957,191.05550000676885,0.037609350395033235
2300-131720-0000,soundtrack,0,wiener,wiener,the paris plant like that at the crystal palace was a temporary exhibit,The parents were like that when the personal host was a temporary exhibit.,0.46153846153846156,0.3380281690140845,5.08,-1.218704672420726,608.926375003648,0.11986739665426141
2300-131720-0000,soundtrack,0,spectral_sub,spectral_subtraction,the paris plant like that at the crystal palace was a temporary exhibit,"The Paris plant, like that at the Crystal Palace, was a temporary exhibit.",0.23076923076923078,0.04225352112676056,5.08,-0.3432619101122806,187.047542000073,0.03682038228347894
2300-131720-0000,soundtrack,0,adaptive,none,the paris plant like that at the crystal palace was a temporary exhibit,"The Paris land, like that of the Crystal Palace, was a temporary exhibit.",0.3076923076923077,0.09859154929577464,5.08,-0.30960394206799957,184.0351249993546,0.03622738681089657
2300-131720-0000,soundtrack,5,raw,none,the paris plant like that at the crystal palace was a temporary exhibit,"The Paris plan, like that at the Crystal Palace, was a temporary exhibit.",0.23076923076923078,0.04225352112676056,5.08,-0.3309677933391772,196.4712920016609,0.038675451181429316
2300-131720-0000,soundtrack,5,wiener,wiener,the paris plant like that at the crystal palace was a temporary exhibit,"The Paris frame, like that at the Crystal Palace, was a temporary exhibit.",0.23076923076923078,0.09859154929577464,5.08,-0.5622984108171964,181.99245899450034,0.035825287203641795
2300-131720-0000,soundtrack,5,spectral_sub,spectral_subtraction,the paris plant like that at the crystal palace was a temporary exhibit,"The Paris plant, like that at the Crystal Palace, was a temporary exhibit.",0.23076923076923078,0.04225352112676056,5.08,-0.2986899488850644,182.50087498745415,0.03592536909201853
2300-131720-0000,soundtrack,5,adaptive,none,the paris plant like that at the crystal palace was a temporary exhibit,"The Paris plan, like that at the Crystal Palace, was a temporary exhibit.",0.23076923076923078,0.04225352112676056,5.08,-0.3309677933391772,176.0623750014929,0.03465794783493955
2300-131720-0000,soundtrack,10,raw,none,the paris plant like that at the crystal palace was a temporary exhibit,"The Paris plant, like that at the Crystal Palace, was a temporary exhibit.",0.23076923076923078,0.04225352112676056,5.08,-0.3068547907628511,192.04820800223388,0.037804765354770446
2300-131720-0000,soundtrack,10,wiener,wiener,the paris plant like that at the crystal palace was a temporary exhibit,"The Paris flag, like that at the Christopher Palace, was a temporary exhibit.",0.3076923076923077,0.16901408450704225,5.08,-0.47769476238049957,180.9655830002157,0.03562314625988498
2300-131720-0000,soundtrack,10,spectral_sub,spectral_subtraction,the paris plant like that at the crystal palace was a temporary exhibit,"The Paris plant, like that at the Crystal Palace, was a temporary exhibit.",0.23076923076923078,0.04225352112676056,5.08,-0.2835135303045574,183.79987501248252,0.0361810777583627
2300-131720-0000,soundtrack,10,adaptive,none,the paris plant like that at the crystal palace was a temporary exhibit,"The Paris plant, like that at the Crystal Palace, was a temporary exhibit.",0.23076923076923078,0.04225352112676056,5.08,-0.3068547907628511,191.90899998648092,0.037777362202063174
2300-131720-0000,soundtrack,15,raw,none,the paris plant like that at the crystal palace was a temporary exhibit,"The Paris plant, like that at the Crystal Palace, was a temporary exhibit.",0.23076923076923078,0.04225352112676056,5.08,-0.2471635843578138,175.34825000620913,0.03451737204846636
2300-131720-0000,soundtrack,15,wiener,wiener,the paris plant like that at the crystal palace was a temporary exhibit,"The Paris flag, like that at the Christopher Palace, was a temporary exhibit.",0.3076923076923077,0.16901408450704225,5.08,-0.3721883767529538,181.6471669881139,0.03575731633624289
2300-131720-0000,soundtrack,15,spectral_sub,spectral_subtraction,the paris plant like that at the crystal palace was a temporary exhibit,"The Paris plant, like that at the Crystal Palace, was a temporary exhibit.",0.23076923076923078,0.04225352112676056,5.08,-0.26906133639185054,189.24324998806696,0.03725260826536751
2300-131720-0000,soundtrack,15,adaptive,none,the paris plant like that at the crystal palace was a temporary exhibit,"The Paris plant, like that at the Crystal Palace, was a temporary exhibit.",0.23076923076923078,0.04225352112676056,5.08,-0.2471635843578138,173.83654099830892,0.03421979153510018
2300-131720-0000,soundtrack,20,raw,none,the paris plant like that at the crystal palace was a temporary exhibit,"The Paris plant, like that at the Crystal Palace, was a temporary exhibit.",0.23076923076923078,0.04225352112676056,5.08,-0.2343152243840067,179.43820799700916,0.03532248188917503
2300-131720-0000,soundtrack,20,wiener,wiener,the paris plant like that at the crystal palace was a temporary exhibit,"The Paris plan, like that at the Christmas Palace, was a temporary exhibit.",0.3076923076923077,0.09859154929577464,5.08,-0.4601674864166661,192.53770899376832,0.037901123817670926
2300-131720-0000,soundtrack,20,spectral_sub,spectral_subtraction,the paris plant like that at the crystal palace was a temporary exhibit,"The Paris plant, like that at the Crystal Palace, was a temporary exhibit.",0.23076923076923078,0.04225352112676056,5.08,-0.2484011273635061,194.97337499342393,0.03838058562862676
2300-131720-0000,soundtrack,20,adaptive,none,the paris plant like that at the crystal palace was a temporary exhibit,"The Paris plant, like that at the Crystal Palace, was a temporary exhibit.",0.23076923076923078,0.04225352112676056,5.08,-0.2343152243840067,182.988792003016,0.03602141574862519
